[2026-06-28 01:22:09] local.WARNING: Mail failed: Expected response code "250/251/252" but got code "535", with message "535 5.7.0 NEOBHODIM parol prilozheniya https://help.mail.ru/mail/security/protection/external / Application password is REQUIRED".  
[2026-06-29 01:58:45] local.ERROR: SQLSTATE[HY000] [2002] Подключение не установлено, т.к. конечный компьютер отверг запрос на подключение (Connection: mysql, SQL: select exists (select 1 from information_schema.tables where table_schema = 'insure_lk' and table_name = 'migrations' and table_type in ('BASE TABLE', 'SYSTEM VERSIONED')) as `exists`) {"exception":"[object] (Illuminate\\Database\\QueryException(code: 2002): SQLSTATE[HY000] [2002] Подключение не установлено, т.к. конечный компьютер отверг запрос на подключение (Connection: mysql, SQL: select exists (select 1 from information_schema.tables where table_schema = 'insure_lk' and table_name = 'migrations' and table_type in ('BASE TABLE', 'SYSTEM VERSIONED')) as `exists`) at A:/XAMPP/htdocs/insure-lk/vendor/laravel/framework/src/Illuminate/Database/Connection.php:825)
[stacktrace]
#0 A:/XAMPP/htdocs/insure-lk/vendor/laravel/framework/src/Illuminate/Database/Connection.php(779): Illuminate/Database/Connection->runQueryCallback('select exists (...', Array, Object(Closure))
#1 A:/XAMPP/htdocs/insure-lk/vendor/laravel/framework/src/Illuminate/Database/Connection.php(398): Illuminate/Database/Connection->run('select exists (...', Array, Object(Closure))
#2 A:/XAMPP/htdocs/insure-lk/vendor/laravel/framework/src/Illuminate/Database/Connection.php(344): Illuminate/Database/Connection->select('select exists (...', Array, true)
#3 A:/XAMPP/htdocs/insure-lk/vendor/laravel/framework/src/Illuminate/Database/Connection.php(361): Illuminate/Database/Connection->selectOne('select exists (...', Array, true)
#4 A:/XAMPP/htdocs/insure-lk/vendor/laravel/framework/src/Illuminate/Database/Schema/MySqlBuilder.php(45): Illuminate/Database/Connection->scalar('select exists (...')
#5 A:/XAMPP/htdocs/insure-lk/vendor/laravel/framework/src/Illuminate/Database/Migrations/DatabaseMigrationRepository.php(184): Illuminate/Database/Schema/MySqlBuilder->hasTable('migrations')
#6 A:/XAMPP/htdocs/insure-lk/vendor/laravel/framework/src/Illuminate/Database/Migrations/Migrator.php(742): Illuminate/Database/Migrations/DatabaseMigrationRepository->repositoryExists()
#7 A:/XAMPP/htdocs/insure-lk/vendor/laravel/framework/src/Illuminate/Database/Console/Migrations/MigrateCommand.php(165): Illuminate/Database/Migrations/Migrator->repositoryExists()
#8 A:/XAMPP/htdocs/insure-lk/vendor/laravel/framework/src/Illuminate/Support/helpers.php(338): Illuminate/Database/Console/Migrations/MigrateCommand->Illuminate/Database/Console/Migrations/{closure}(1)
#9 A:/XAMPP/htdocs/insure-lk/vendor/laravel/framework/src/Illuminate/Database/Console/Migrations/MigrateCommand.php(165): retry(1, Object(Closure), 0, Object(Closure))
#10 A:/XAMPP/htdocs/insure-lk/vendor/laravel/framework/src/Illuminate/Database/Console/Migrations/MigrateCommand.php(141): Illuminate/Database/Console/Migrations/MigrateCommand->repositoryExists()
#11 A:/XAMPP/htdocs/insure-lk/vendor/laravel/framework/src/Illuminate/Database/Console/Migrations/MigrateCommand.php(111): Illuminate/Database/Console/Migrations/MigrateCommand->prepareDatabase()
#12 A:/XAMPP/htdocs/insure-lk/vendor/laravel/framework/src/Illuminate/Database/Migrations/Migrator.php(658): Illuminate/Database/Console/Migrations/MigrateCommand->Illuminate/Database/Console/Migrations/{closure}()
#13 A:/XAMPP/htdocs/insure-lk/vendor/laravel/framework/src/Illuminate/Database/Console/Migrations/MigrateCommand.php(110): Illuminate/Database/Migrations/Migrator->usingConnection(NULL, Object(Closure))
#14 A:/XAMPP/htdocs/insure-lk/vendor/laravel/framework/src/Illuminate/Database/Console/Migrations/MigrateCommand.php(89): Illuminate/Database/Console/Migrations/MigrateCommand->runMigrations()
#15 A:/XAMPP/htdocs/insure-lk/vendor/laravel/framework/src/Illuminate/Container/BoundMethod.php(36): Illuminate/Database/Console/Migrations/MigrateCommand->handle()
#16 A:/XAMPP/htdocs/insure-lk/vendor/laravel/framework/src/Illuminate/Container/Util.php(43): Illuminate/Container/BoundMethod::Illuminate/Container/{closure}()
#17 A:/XAMPP/htdocs/insure-lk/vendor/laravel/framework/src/Illuminate/Container/BoundMethod.php(95): Illuminate/Container/Util::unwrapIfClosure(Object(Closure))
#18 A:/XAMPP/htdocs/insure-lk/vendor/laravel/framework/src/Illuminate/Container/BoundMethod.php(35): Illuminate/Container/BoundMethod::callBoundMethod(Object(Illuminate/Foundation/Application), Array, Object(Closure))
#19 A:/XAMPP/htdocs/insure-lk/vendor/laravel/framework/src/Illuminate/Container/Container.php(696): Illuminate/Container/BoundMethod::call(Object(Illuminate/Foundation/Application), Array, Array, NULL)
#20 A:/XAMPP/htdocs/insure-lk/vendor/laravel/framework/src/Illuminate/Console/Command.php(213): Illuminate/Container/Container->call(Array)
#21 A:/XAMPP/htdocs/insure-lk/vendor/symfony/console/Command/Command.php(341): Illuminate/Console/Command->execute(Object(Symfony/Component/Console/Input/ArgvInput), Object(Illuminate/Console/OutputStyle))
#22 A:/XAMPP/htdocs/insure-lk/vendor/laravel/framework/src/Illuminate/Console/Command.php(182): Symfony/Component/Console/Command/Command->run(Object(Symfony/Component/Console/Input/ArgvInput), Object(Illuminate/Console/OutputStyle))
#23 A:/XAMPP/htdocs/insure-lk/vendor/symfony/console/Application.php(1117): Illuminate/Console/Command->run(Object(Symfony/Component/Console/Input/ArgvInput), Object(Symfony/Component/Console/Output/ConsoleOutput))
#24 A:/XAMPP/htdocs/insure-lk/vendor/symfony/console/Application.php(356): Symfony/Component/Console/Application->doRunCommand(Object(Illuminate/Database/Console/Migrations/MigrateCommand), Object(Symfony/Component/Console/Input/ArgvInput), Object(Symfony/Component/Console/Output/ConsoleOutput))
#25 A:/XAMPP/htdocs/insure-lk/vendor/symfony/console/Application.php(195): Symfony/Component/Console/Application->doRun(Object(Symfony/Component/Console/Input/ArgvInput), Object(Symfony/Component/Console/Output/ConsoleOutput))
#26 A:/XAMPP/htdocs/insure-lk/vendor/laravel/framework/src/Illuminate/Foundation/Console/Kernel.php(198): Symfony/Component/Console/Application->run(Object(Symfony/Component/Console/Input/ArgvInput), Object(Symfony/Component/Console/Output/ConsoleOutput))
#27 A:/XAMPP/htdocs/insure-lk/vendor/laravel/framework/src/Illuminate/Foundation/Application.php(1235): Illuminate/Foundation/Console/Kernel->handle(Object(Symfony/Component/Console/Input/ArgvInput), Object(Symfony/Component/Console/Output/ConsoleOutput))
#28 A:/XAMPP/htdocs/insure-lk/artisan(16): Illuminate/Foundation/Application->handleCommand(Object(Symfony/Component/Console/Input/ArgvInput))
#29 {main}

[previous exception] [object] (PDOException(code: 2002): SQLSTATE[HY000] [2002] Подключение не установлено, т.к. конечный компьютер отверг запрос на подключение at A:/XAMPP/htdocs/insure-lk/vendor/laravel/framework/src/Illuminate/Database/Connectors/Connector.php:66)
[stacktrace]
#0 A:/XAMPP/htdocs/insure-lk/vendor/laravel/framework/src/Illuminate/Database/Connectors/Connector.php(66): PDO->__construct('mysql:host=127....', 'root', Object(SensitiveParameterValue), Array)
#1 A:/XAMPP/htdocs/insure-lk/vendor/laravel/framework/src/Illuminate/Database/Connectors/Connector.php(44): Illuminate/Database/Connectors/Connector->createPdoConnection('mysql:host=127....', 'root', Object(SensitiveParameterValue), Array)
#2 A:/XAMPP/htdocs/insure-lk/vendor/laravel/framework/src/Illuminate/Database/Connectors/MySqlConnector.php(24): Illuminate/Database/Connectors/Connector->createConnection('mysql:host=127....', Array, Array)
#3 A:/XAMPP/htdocs/insure-lk/vendor/laravel/framework/src/Illuminate/Database/Connectors/ConnectionFactory.php(185): Illuminate/Database/Connectors/MySqlConnector->connect(Array)
#4 [internal function]: Illuminate/Database/Connectors/ConnectionFactory->Illuminate/Database/Connectors/{closure}()
#5 A:/XAMPP/htdocs/insure-lk/vendor/laravel/framework/src/Illuminate/Database/Connection.php(1231): call_user_func(Object(Closure))
#6 A:/XAMPP/htdocs/insure-lk/vendor/laravel/framework/src/Illuminate/Database/Connection.php(1267): Illuminate/Database/Connection->getPdo()
#7 A:/XAMPP/htdocs/insure-lk/vendor/laravel/framework/src/Illuminate/Database/Connection.php(512): Illuminate/Database/Connection->getReadPdo()
#8 A:/XAMPP/htdocs/insure-lk/vendor/laravel/framework/src/Illuminate/Database/Connection.php(407): Illuminate/Database/Connection->getPdoForSelect(true)
#9 A:/XAMPP/htdocs/insure-lk/vendor/laravel/framework/src/Illuminate/Database/Connection.php(812): Illuminate/Database/Connection->Illuminate/Database/{closure}('select exists (...', Array)
#10 A:/XAMPP/htdocs/insure-lk/vendor/laravel/framework/src/Illuminate/Database/Connection.php(779): Illuminate/Database/Connection->runQueryCallback('select exists (...', Array, Object(Closure))
#11 A:/XAMPP/htdocs/insure-lk/vendor/laravel/framework/src/Illuminate/Database/Connection.php(398): Illuminate/Database/Connection->run('select exists (...', Array, Object(Closure))
#12 A:/XAMPP/htdocs/insure-lk/vendor/laravel/framework/src/Illuminate/Database/Connection.php(344): Illuminate/Database/Connection->select('select exists (...', Array, true)
#13 A:/XAMPP/htdocs/insure-lk/vendor/laravel/framework/src/Illuminate/Database/Connection.php(361): Illuminate/Database/Connection->selectOne('select exists (...', Array, true)
#14 A:/XAMPP/htdocs/insure-lk/vendor/laravel/framework/src/Illuminate/Database/Schema/MySqlBuilder.php(45): Illuminate/Database/Connection->scalar('select exists (...')
#15 A:/XAMPP/htdocs/insure-lk/vendor/laravel/framework/src/Illuminate/Database/Migrations/DatabaseMigrationRepository.php(184): Illuminate/Database/Schema/MySqlBuilder->hasTable('migrations')
#16 A:/XAMPP/htdocs/insure-lk/vendor/laravel/framework/src/Illuminate/Database/Migrations/Migrator.php(742): Illuminate/Database/Migrations/DatabaseMigrationRepository->repositoryExists()
#17 A:/XAMPP/htdocs/insure-lk/vendor/laravel/framework/src/Illuminate/Database/Console/Migrations/MigrateCommand.php(165): Illuminate/Database/Migrations/Migrator->repositoryExists()
#18 A:/XAMPP/htdocs/insure-lk/vendor/laravel/framework/src/Illuminate/Support/helpers.php(338): Illuminate/Database/Console/Migrations/MigrateCommand->Illuminate/Database/Console/Migrations/{closure}(1)
#19 A:/XAMPP/htdocs/insure-lk/vendor/laravel/framework/src/Illuminate/Database/Console/Migrations/MigrateCommand.php(165): retry(1, Object(Closure), 0, Object(Closure))
#20 A:/XAMPP/htdocs/insure-lk/vendor/laravel/framework/src/Illuminate/Database/Console/Migrations/MigrateCommand.php(141): Illuminate/Database/Console/Migrations/MigrateCommand->repositoryExists()
#21 A:/XAMPP/htdocs/insure-lk/vendor/laravel/framework/src/Illuminate/Database/Console/Migrations/MigrateCommand.php(111): Illuminate/Database/Console/Migrations/MigrateCommand->prepareDatabase()
#22 A:/XAMPP/htdocs/insure-lk/vendor/laravel/framework/src/Illuminate/Database/Migrations/Migrator.php(658): Illuminate/Database/Console/Migrations/MigrateCommand->Illuminate/Database/Console/Migrations/{closure}()
#23 A:/XAMPP/htdocs/insure-lk/vendor/laravel/framework/src/Illuminate/Database/Console/Migrations/MigrateCommand.php(110): Illuminate/Database/Migrations/Migrator->usingConnection(NULL, Object(Closure))
#24 A:/XAMPP/htdocs/insure-lk/vendor/laravel/framework/src/Illuminate/Database/Console/Migrations/MigrateCommand.php(89): Illuminate/Database/Console/Migrations/MigrateCommand->runMigrations()
#25 A:/XAMPP/htdocs/insure-lk/vendor/laravel/framework/src/Illuminate/Container/BoundMethod.php(36): Illuminate/Database/Console/Migrations/MigrateCommand->handle()
#26 A:/XAMPP/htdocs/insure-lk/vendor/laravel/framework/src/Illuminate/Container/Util.php(43): Illuminate/Container/BoundMethod::Illuminate/Container/{closure}()
#27 A:/XAMPP/htdocs/insure-lk/vendor/laravel/framework/src/Illuminate/Container/BoundMethod.php(95): Illuminate/Container/Util::unwrapIfClosure(Object(Closure))
#28 A:/XAMPP/htdocs/insure-lk/vendor/laravel/framework/src/Illuminate/Container/BoundMethod.php(35): Illuminate/Container/BoundMethod::callBoundMethod(Object(Illuminate/Foundation/Application), Array, Object(Closure))
#29 A:/XAMPP/htdocs/insure-lk/vendor/laravel/framework/src/Illuminate/Container/Container.php(696): Illuminate/Container/BoundMethod::call(Object(Illuminate/Foundation/Application), Array, Array, NULL)
#30 A:/XAMPP/htdocs/insure-lk/vendor/laravel/framework/src/Illuminate/Console/Command.php(213): Illuminate/Container/Container->call(Array)
#31 A:/XAMPP/htdocs/insure-lk/vendor/symfony/console/Command/Command.php(341): Illuminate/Console/Command->execute(Object(Symfony/Component/Console/Input/ArgvInput), Object(Illuminate/Console/OutputStyle))
#32 A:/XAMPP/htdocs/insure-lk/vendor/laravel/framework/src/Illuminate/Console/Command.php(182): Symfony/Component/Console/Command/Command->run(Object(Symfony/Component/Console/Input/ArgvInput), Object(Illuminate/Console/OutputStyle))
#33 A:/XAMPP/htdocs/insure-lk/vendor/symfony/console/Application.php(1117): Illuminate/Console/Command->run(Object(Symfony/Component/Console/Input/ArgvInput), Object(Symfony/Component/Console/Output/ConsoleOutput))
#34 A:/XAMPP/htdocs/insure-lk/vendor/symfony/console/Application.php(356): Symfony/Component/Console/Application->doRunCommand(Object(Illuminate/Database/Console/Migrations/MigrateCommand), Object(Symfony/Component/Console/Input/ArgvInput), Object(Symfony/Component/Console/Output/ConsoleOutput))
#35 A:/XAMPP/htdocs/insure-lk/vendor/symfony/console/Application.php(195): Symfony/Component/Console/Application->doRun(Object(Symfony/Component/Console/Input/ArgvInput), Object(Symfony/Component/Console/Output/ConsoleOutput))
#36 A:/XAMPP/htdocs/insure-lk/vendor/laravel/framework/src/Illuminate/Foundation/Console/Kernel.php(198): Symfony/Component/Console/Application->run(Object(Symfony/Component/Console/Input/ArgvInput), Object(Symfony/Component/Console/Output/ConsoleOutput))
#37 A:/XAMPP/htdocs/insure-lk/vendor/laravel/framework/src/Illuminate/Foundation/Application.php(1235): Illuminate/Foundation/Console/Kernel->handle(Object(Symfony/Component/Console/Input/ArgvInput), Object(Symfony/Component/Console/Output/ConsoleOutput))
#38 A:/XAMPP/htdocs/insure-lk/artisan(16): Illuminate/Foundation/Application->handleCommand(Object(Symfony/Component/Console/Input/ArgvInput))
#39 {main}
"} 
[2026-06-29 02:00:54] local.ERROR: Route [numerators.create] not defined. (View: A:\XAMPP\htdocs\insure-lk\resources\views\livewire\numerators\index.blade.php) {"userId":1,"exception":"[object] (Illuminate\\View\\ViewException(code: 0): Route [numerators.create] not defined. (View: A:\\XAMPP\\htdocs\\insure-lk\\resources\\views\\livewire\\numerators\\index.blade.php) at A:/XAMPP/htdocs/insure-lk/vendor/laravel/framework/src/Illuminate/Routing/UrlGenerator.php:517)
[stacktrace]
#0 A:/XAMPP/htdocs/insure-lk/vendor/livewire/livewire/src/Mechanisms/ExtendBlade/ExtendedCompilerEngine.php(58): Illuminate/View/Engines/CompilerEngine->handleViewException(Object(Symfony/Component/Routing/Exception/RouteNotFoundException), 1)
#1 A:/XAMPP/htdocs/insure-lk/vendor/livewire/livewire/src/Mechanisms/ExtendBlade/ExtendedCompilerEngine.php(40): Livewire/Mechanisms/ExtendBlade/ExtendedCompilerEngine->handleViewException(Object(Symfony/Component/Routing/Exception/RouteNotFoundException), 1)
#2 A:/XAMPP/htdocs/insure-lk/vendor/laravel/framework/src/Illuminate/View/Engines/CompilerEngine.php(75): Livewire/Mechanisms/ExtendBlade/ExtendedCompilerEngine->evaluatePath('A://XAMPP//htdocs...', Array)
#3 A:/XAMPP/htdocs/insure-lk/vendor/livewire/livewire/src/Mechanisms/ExtendBlade/ExtendedCompilerEngine.php(16): Illuminate/View/Engines/CompilerEngine->get('A://XAMPP//htdocs...', Array)
#4 A:/XAMPP/htdocs/insure-lk/vendor/laravel/framework/src/Illuminate/View/View.php(209): Livewire/Mechanisms/ExtendBlade/ExtendedCompilerEngine->get('A://XAMPP//htdocs...', Array)
#5 A:/XAMPP/htdocs/insure-lk/vendor/laravel/framework/src/Illuminate/View/View.php(192): Illuminate/View/View->getContents()
#6 A:/XAMPP/htdocs/insure-lk/vendor/laravel/framework/src/Illuminate/View/View.php(161): Illuminate/View/View->renderContents()
#7 A:/XAMPP/htdocs/insure-lk/vendor/livewire/livewire/src/Mechanisms/HandleComponents/HandleComponents.php(282): Illuminate/View/View->render(Object(Closure))
#8 A:/XAMPP/htdocs/insure-lk/vendor/livewire/livewire/src/Mechanisms/HandleComponents/HandleComponents.php(326): Livewire/Mechanisms/HandleComponents/HandleComponents->Livewire/Mechanisms/HandleComponents/{closure}()
#9 A:/XAMPP/htdocs/insure-lk/vendor/livewire/livewire/src/Mechanisms/HandleComponents/HandleComponents.php(274): Livewire/Mechanisms/HandleComponents/HandleComponents->trackInRenderStack(Object(App/Livewire/Numerators/NumeratorIndex), Object(Closure))
#10 A:/XAMPP/htdocs/insure-lk/vendor/livewire/livewire/src/Mechanisms/HandleComponents/HandleComponents.php(54): Livewire/Mechanisms/HandleComponents/HandleComponents->render(Object(App/Livewire/Numerators/NumeratorIndex), '<div></div>')
#11 A:/XAMPP/htdocs/insure-lk/vendor/livewire/livewire/src/LivewireManager.php(73): Livewire/Mechanisms/HandleComponents/HandleComponents->mount('App//Livewire//Nu...', Array, NULL)
#12 A:/XAMPP/htdocs/insure-lk/vendor/livewire/livewire/src/Features/SupportPageComponents/HandlesPageComponents.php(17): Livewire/LivewireManager->mount('App//Livewire//Nu...', Array)
#13 A:/XAMPP/htdocs/insure-lk/vendor/livewire/livewire/src/Features/SupportPageComponents/SupportPageComponents.php(117): Livewire/Component->Livewire/Features/SupportPageComponents/{closure}()
#14 A:/XAMPP/htdocs/insure-lk/vendor/livewire/livewire/src/Features/SupportPageComponents/HandlesPageComponents.php(14): Livewire/Features/SupportPageComponents/SupportPageComponents::interceptTheRenderOfTheComponentAndRetreiveTheLayoutConfiguration(Object(Closure))
#15 A:/XAMPP/htdocs/insure-lk/vendor/laravel/framework/src/Illuminate/Routing/ControllerDispatcher.php(47): Livewire/Component->__invoke()
#16 A:/XAMPP/htdocs/insure-lk/vendor/laravel/framework/src/Illuminate/Routing/Route.php(266): Illuminate/Routing/ControllerDispatcher->dispatch(Object(Illuminate/Routing/Route), Object(App/Livewire/Numerators/NumeratorIndex), '__invoke')
#17 A:/XAMPP/htdocs/insure-lk/vendor/laravel/framework/src/Illuminate/Routing/Route.php(212): Illuminate/Routing/Route->runController()
#18 A:/XAMPP/htdocs/insure-lk/vendor/laravel/framework/src/Illuminate/Routing/Router.php(808): Illuminate/Routing/Route->run()
#19 A:/XAMPP/htdocs/insure-lk/vendor/laravel/framework/src/Illuminate/Pipeline/Pipeline.php(170): Illuminate/Routing/Router->Illuminate/Routing/{closure}(Object(Illuminate/Http/Request))
#20 A:/XAMPP/htdocs/insure-lk/vendor/laravel/framework/src/Illuminate/Auth/Middleware/Authorize.php(60): Illuminate/Pipeline/Pipeline->Illuminate/Pipeline/{closure}(Object(Illuminate/Http/Request))
#21 A:/XAMPP/htdocs/insure-lk/vendor/laravel/framework/src/Illuminate/Pipeline/Pipeline.php(209): Illuminate/Auth/Middleware/Authorize->handle(Object(Illuminate/Http/Request), Object(Closure), 'numerators.view')
#22 A:/XAMPP/htdocs/insure-lk/vendor/laravel/framework/src/Illuminate/Routing/Middleware/SubstituteBindings.php(51): Illuminate/Pipeline/Pipeline->Illuminate/Pipeline/{closure}(Object(Illuminate/Http/Request))
#23 A:/XAMPP/htdocs/insure-lk/vendor/laravel/framework/src/Illuminate/Pipeline/Pipeline.php(209): Illuminate/Routing/Middleware/SubstituteBindings->handle(Object(Illuminate/Http/Request), Object(Closure))
#24 A:/XAMPP/htdocs/insure-lk/vendor/laravel/framework/src/Illuminate/Auth/Middleware/Authenticate.php(64): Illuminate/Pipeline/Pipeline->Illuminate/Pipeline/{closure}(Object(Illuminate/Http/Request))
#25 A:/XAMPP/htdocs/insure-lk/vendor/laravel/framework/src/Illuminate/Pipeline/Pipeline.php(209): Illuminate/Auth/Middleware/Authenticate->handle(Object(Illuminate/Http/Request), Object(Closure))
#26 A:/XAMPP/htdocs/insure-lk/vendor/laravel/framework/src/Illuminate/Foundation/Http/Middleware/VerifyCsrfToken.php(88): Illuminate/Pipeline/Pipeline->Illuminate/Pipeline/{closure}(Object(Illuminate/Http/Request))
#27 A:/XAMPP/htdocs/insure-lk/vendor/laravel/framework/src/Illuminate/Pipeline/Pipeline.php(209): Illuminate/Foundation/Http/Middleware/VerifyCsrfToken->handle(Object(Illuminate/Http/Request), Object(Closure))
#28 A:/XAMPP/htdocs/insure-lk/vendor/laravel/framework/src/Illuminate/View/Middleware/ShareErrorsFromSession.php(49): Illuminate/Pipeline/Pipeline->Illuminate/Pipeline/{closure}(Object(Illuminate/Http/Request))
#29 A:/XAMPP/htdocs/insure-lk/vendor/laravel/framework/src/Illuminate/Pipeline/Pipeline.php(209): Illuminate/View/Middleware/ShareErrorsFromSession->handle(Object(Illuminate/Http/Request), Object(Closure))
#30 A:/XAMPP/htdocs/insure-lk/vendor/laravel/framework/src/Illuminate/Session/Middleware/StartSession.php(121): Illuminate/Pipeline/Pipeline->Illuminate/Pipeline/{closure}(Object(Illuminate/Http/Request))
#31 A:/XAMPP/htdocs/insure-lk/vendor/laravel/framework/src/Illuminate/Session/Middleware/StartSession.php(64): Illuminate/Session/Middleware/StartSession->handleStatefulRequest(Object(Illuminate/Http/Request), Object(Illuminate/Session/Store), Object(Closure))
#32 A:/XAMPP/htdocs/insure-lk/vendor/laravel/framework/src/Illuminate/Pipeline/Pipeline.php(209): Illuminate/Session/Middleware/StartSession->handle(Object(Illuminate/Http/Request), Object(Closure))
#33 A:/XAMPP/htdocs/insure-lk/vendor/laravel/framework/src/Illuminate/Cookie/Middleware/AddQueuedCookiesToResponse.php(37): Illuminate/Pipeline/Pipeline->Illuminate/Pipeline/{closure}(Object(Illuminate/Http/Request))
#34 A:/XAMPP/htdocs/insure-lk/vendor/laravel/framework/src/Illuminate/Pipeline/Pipeline.php(209): Illuminate/Cookie/Middleware/AddQueuedCookiesToResponse->handle(Object(Illuminate/Http/Request), Object(Closure))
#35 A:/XAMPP/htdocs/insure-lk/vendor/laravel/framework/src/Illuminate/Cookie/Middleware/EncryptCookies.php(75): Illuminate/Pipeline/Pipeline->Illuminate/Pipeline/{closure}(Object(Illuminate/Http/Request))
#36 A:/XAMPP/htdocs/insure-lk/vendor/laravel/framework/src/Illuminate/Pipeline/Pipeline.php(209): Illuminate/Cookie/Middleware/EncryptCookies->handle(Object(Illuminate/Http/Request), Object(Closure))
#37 A:/XAMPP/htdocs/insure-lk/vendor/laravel/framework/src/Illuminate/Pipeline/Pipeline.php(127): Illuminate/Pipeline/Pipeline->Illuminate/Pipeline/{closure}(Object(Illuminate/Http/Request))
#38 A:/XAMPP/htdocs/insure-lk/vendor/laravel/framework/src/Illuminate/Routing/Router.php(807): Illuminate/Pipeline/Pipeline->then(Object(Closure))
#39 A:/XAMPP/htdocs/insure-lk/vendor/laravel/framework/src/Illuminate/Routing/Router.php(786): Illuminate/Routing/Router->runRouteWithinStack(Object(Illuminate/Routing/Route), Object(Illuminate/Http/Request))
#40 A:/XAMPP/htdocs/insure-lk/vendor/laravel/framework/src/Illuminate/Routing/Router.php(750): Illuminate/Routing/Router->runRoute(Object(Illuminate/Http/Request), Object(Illuminate/Routing/Route))
#41 A:/XAMPP/htdocs/insure-lk/vendor/laravel/framework/src/Illuminate/Routing/Router.php(739): Illuminate/Routing/Router->dispatchToRoute(Object(Illuminate/Http/Request))
#42 A:/XAMPP/htdocs/insure-lk/vendor/laravel/framework/src/Illuminate/Foundation/Http/Kernel.php(201): Illuminate/Routing/Router->dispatch(Object(Illuminate/Http/Request))
#43 A:/XAMPP/htdocs/insure-lk/vendor/laravel/framework/src/Illuminate/Pipeline/Pipeline.php(170): Illuminate/Foundation/Http/Kernel->Illuminate/Foundation/Http/{closure}(Object(Illuminate/Http/Request))
#44 A:/XAMPP/htdocs/insure-lk/vendor/livewire/livewire/src/Features/SupportDisablingBackButtonCache/DisableBackButtonCacheMiddleware.php(19): Illuminate/Pipeline/Pipeline->Illuminate/Pipeline/{closure}(Object(Illuminate/Http/Request))
#45 A:/XAMPP/htdocs/insure-lk/vendor/laravel/framework/src/Illuminate/Pipeline/Pipeline.php(209): Livewire/Features/SupportDisablingBackButtonCache/DisableBackButtonCacheMiddleware->handle(Object(Illuminate/Http/Request), Object(Closure))
#46 A:/XAMPP/htdocs/insure-lk/vendor/laravel/framework/src/Illuminate/Foundation/Http/Middleware/TransformsRequest.php(21): Illuminate/Pipeline/Pipeline->Illuminate/Pipeline/{closure}(Object(Illuminate/Http/Request))
#47 A:/XAMPP/htdocs/insure-lk/vendor/laravel/framework/src/Illuminate/Foundation/Http/Middleware/ConvertEmptyStringsToNull.php(31): Illuminate/Foundation/Http/Middleware/TransformsRequest->handle(Object(Illuminate/Http/Request), Object(Closure))
#48 A:/XAMPP/htdocs/insure-lk/vendor/laravel/framework/src/Illuminate/Pipeline/Pipeline.php(209): Illuminate/Foundation/Http/Middleware/ConvertEmptyStringsToNull->handle(Object(Illuminate/Http/Request), Object(Closure))
#49 A:/XAMPP/htdocs/insure-lk/vendor/laravel/framework/src/Illuminate/Foundation/Http/Middleware/TransformsRequest.php(21): Illuminate/Pipeline/Pipeline->Illuminate/Pipeline/{closure}(Object(Illuminate/Http/Request))
#50 A:/XAMPP/htdocs/insure-lk/vendor/laravel/framework/src/Illuminate/Foundation/Http/Middleware/TrimStrings.php(51): Illuminate/Foundation/Http/Middleware/TransformsRequest->handle(Object(Illuminate/Http/Request), Object(Closure))
#51 A:/XAMPP/htdocs/insure-lk/vendor/laravel/framework/src/Illuminate/Pipeline/Pipeline.php(209): Illuminate/Foundation/Http/Middleware/TrimStrings->handle(Object(Illuminate/Http/Request), Object(Closure))
#52 A:/XAMPP/htdocs/insure-lk/vendor/laravel/framework/src/Illuminate/Http/Middleware/ValidatePostSize.php(27): Illuminate/Pipeline/Pipeline->Illuminate/Pipeline/{closure}(Object(Illuminate/Http/Request))
#53 A:/XAMPP/htdocs/insure-lk/vendor/laravel/framework/src/Illuminate/Pipeline/Pipeline.php(209): Illuminate/Http/Middleware/ValidatePostSize->handle(Object(Illuminate/Http/Request), Object(Closure))
#54 A:/XAMPP/htdocs/insure-lk/vendor/laravel/framework/src/Illuminate/Foundation/Http/Middleware/PreventRequestsDuringMaintenance.php(110): Illuminate/Pipeline/Pipeline->Illuminate/Pipeline/{closure}(Object(Illuminate/Http/Request))
#55 A:/XAMPP/htdocs/insure-lk/vendor/laravel/framework/src/Illuminate/Pipeline/Pipeline.php(209): Illuminate/Foundation/Http/Middleware/PreventRequestsDuringMaintenance->handle(Object(Illuminate/Http/Request), Object(Closure))
#56 A:/XAMPP/htdocs/insure-lk/vendor/laravel/framework/src/Illuminate/Http/Middleware/HandleCors.php(49): Illuminate/Pipeline/Pipeline->Illuminate/Pipeline/{closure}(Object(Illuminate/Http/Request))
#57 A:/XAMPP/htdocs/insure-lk/vendor/laravel/framework/src/Illuminate/Pipeline/Pipeline.php(209): Illuminate/Http/Middleware/HandleCors->handle(Object(Illuminate/Http/Request), Object(Closure))
#58 A:/XAMPP/htdocs/insure-lk/vendor/laravel/framework/src/Illuminate/Http/Middleware/TrustProxies.php(58): Illuminate/Pipeline/Pipeline->Illuminate/Pipeline/{closure}(Object(Illuminate/Http/Request))
#59 A:/XAMPP/htdocs/insure-lk/vendor/laravel/framework/src/Illuminate/Pipeline/Pipeline.php(209): Illuminate/Http/Middleware/TrustProxies->handle(Object(Illuminate/Http/Request), Object(Closure))
#60 A:/XAMPP/htdocs/insure-lk/vendor/laravel/framework/src/Illuminate/Foundation/Http/Middleware/InvokeDeferredCallbacks.php(22): Illuminate/Pipeline/Pipeline->Illuminate/Pipeline/{closure}(Object(Illuminate/Http/Request))
#61 A:/XAMPP/htdocs/insure-lk/vendor/laravel/framework/src/Illuminate/Pipeline/Pipeline.php(209): Illuminate/Foundation/Http/Middleware/InvokeDeferredCallbacks->handle(Object(Illuminate/Http/Request), Object(Closure))
#62 A:/XAMPP/htdocs/insure-lk/vendor/laravel/framework/src/Illuminate/Pipeline/Pipeline.php(127): Illuminate/Pipeline/Pipeline->Illuminate/Pipeline/{closure}(Object(Illuminate/Http/Request))
#63 A:/XAMPP/htdocs/insure-lk/vendor/laravel/framework/src/Illuminate/Foundation/Http/Kernel.php(176): Illuminate/Pipeline/Pipeline->then(Object(Closure))
#64 A:/XAMPP/htdocs/insure-lk/vendor/laravel/framework/src/Illuminate/Foundation/Http/Kernel.php(145): Illuminate/Foundation/Http/Kernel->sendRequestThroughRouter(Object(Illuminate/Http/Request))
#65 A:/XAMPP/htdocs/insure-lk/vendor/laravel/framework/src/Illuminate/Foundation/Application.php(1220): Illuminate/Foundation/Http/Kernel->handle(Object(Illuminate/Http/Request))
#66 A:/XAMPP/htdocs/insure-lk/public/index.php(9): Illuminate/Foundation/Application->handleRequest(Object(Illuminate/Http/Request))
#67 {main}

[previous exception] [object] (Symfony\\Component\\Routing\\Exception\\RouteNotFoundException(code: 0): Route [numerators.create] not defined. at A:/XAMPP/htdocs/insure-lk/vendor/laravel/framework/src/Illuminate/Routing/UrlGenerator.php:517)
[stacktrace]
#0 A:/XAMPP/htdocs/insure-lk/vendor/laravel/framework/src/Illuminate/Foundation/helpers.php(853): Illuminate/Routing/UrlGenerator->route('numerators.crea...', Array, true)
#1 A:/XAMPP/htdocs/insure-lk/storage/framework/views/682034971eaa96fa220ed18d744b1f15.php(4): route('numerators.crea...')
#2 A:/XAMPP/htdocs/insure-lk/vendor/livewire/livewire/src/Mechanisms/ExtendBlade/ExtendedCompilerEngine.php(37): include('A://XAMPP//htdocs...')
#3 A:/XAMPP/htdocs/insure-lk/vendor/livewire/livewire/src/Mechanisms/ExtendBlade/ExtendedCompilerEngine.php(38): App/Livewire/Numerators/NumeratorIndex->Livewire/Mechanisms/ExtendBlade/{closure}()
#4 A:/XAMPP/htdocs/insure-lk/vendor/laravel/framework/src/Illuminate/View/Engines/CompilerEngine.php(75): Livewire/Mechanisms/ExtendBlade/ExtendedCompilerEngine->evaluatePath('A://XAMPP//htdocs...', Array)
#5 A:/XAMPP/htdocs/insure-lk/vendor/livewire/livewire/src/Mechanisms/ExtendBlade/ExtendedCompilerEngine.php(16): Illuminate/View/Engines/CompilerEngine->get('A://XAMPP//htdocs...', Array)
#6 A:/XAMPP/htdocs/insure-lk/vendor/laravel/framework/src/Illuminate/View/View.php(209): Livewire/Mechanisms/ExtendBlade/ExtendedCompilerEngine->get('A://XAMPP//htdocs...', Array)
#7 A:/XAMPP/htdocs/insure-lk/vendor/laravel/framework/src/Illuminate/View/View.php(192): Illuminate/View/View->getContents()
#8 A:/XAMPP/htdocs/insure-lk/vendor/laravel/framework/src/Illuminate/View/View.php(161): Illuminate/View/View->renderContents()
#9 A:/XAMPP/htdocs/insure-lk/vendor/livewire/livewire/src/Mechanisms/HandleComponents/HandleComponents.php(282): Illuminate/View/View->render(Object(Closure))
#10 A:/XAMPP/htdocs/insure-lk/vendor/livewire/livewire/src/Mechanisms/HandleComponents/HandleComponents.php(326): Livewire/Mechanisms/HandleComponents/HandleComponents->Livewire/Mechanisms/HandleComponents/{closure}()
#11 A:/XAMPP/htdocs/insure-lk/vendor/livewire/livewire/src/Mechanisms/HandleComponents/HandleComponents.php(274): Livewire/Mechanisms/HandleComponents/HandleComponents->trackInRenderStack(Object(App/Livewire/Numerators/NumeratorIndex), Object(Closure))
#12 A:/XAMPP/htdocs/insure-lk/vendor/livewire/livewire/src/Mechanisms/HandleComponents/HandleComponents.php(54): Livewire/Mechanisms/HandleComponents/HandleComponents->render(Object(App/Livewire/Numerators/NumeratorIndex), '<div></div>')
#13 A:/XAMPP/htdocs/insure-lk/vendor/livewire/livewire/src/LivewireManager.php(73): Livewire/Mechanisms/HandleComponents/HandleComponents->mount('App//Livewire//Nu...', Array, NULL)
#14 A:/XAMPP/htdocs/insure-lk/vendor/livewire/livewire/src/Features/SupportPageComponents/HandlesPageComponents.php(17): Livewire/LivewireManager->mount('App//Livewire//Nu...', Array)
#15 A:/XAMPP/htdocs/insure-lk/vendor/livewire/livewire/src/Features/SupportPageComponents/SupportPageComponents.php(117): Livewire/Component->Livewire/Features/SupportPageComponents/{closure}()
#16 A:/XAMPP/htdocs/insure-lk/vendor/livewire/livewire/src/Features/SupportPageComponents/HandlesPageComponents.php(14): Livewire/Features/SupportPageComponents/SupportPageComponents::interceptTheRenderOfTheComponentAndRetreiveTheLayoutConfiguration(Object(Closure))
#17 A:/XAMPP/htdocs/insure-lk/vendor/laravel/framework/src/Illuminate/Routing/ControllerDispatcher.php(47): Livewire/Component->__invoke()
#18 A:/XAMPP/htdocs/insure-lk/vendor/laravel/framework/src/Illuminate/Routing/Route.php(266): Illuminate/Routing/ControllerDispatcher->dispatch(Object(Illuminate/Routing/Route), Object(App/Livewire/Numerators/NumeratorIndex), '__invoke')
#19 A:/XAMPP/htdocs/insure-lk/vendor/laravel/framework/src/Illuminate/Routing/Route.php(212): Illuminate/Routing/Route->runController()
#20 A:/XAMPP/htdocs/insure-lk/vendor/laravel/framework/src/Illuminate/Routing/Router.php(808): Illuminate/Routing/Route->run()
#21 A:/XAMPP/htdocs/insure-lk/vendor/laravel/framework/src/Illuminate/Pipeline/Pipeline.php(170): Illuminate/Routing/Router->Illuminate/Routing/{closure}(Object(Illuminate/Http/Request))
#22 A:/XAMPP/htdocs/insure-lk/vendor/laravel/framework/src/Illuminate/Auth/Middleware/Authorize.php(60): Illuminate/Pipeline/Pipeline->Illuminate/Pipeline/{closure}(Object(Illuminate/Http/Request))
#23 A:/XAMPP/htdocs/insure-lk/vendor/laravel/framework/src/Illuminate/Pipeline/Pipeline.php(209): Illuminate/Auth/Middleware/Authorize->handle(Object(Illuminate/Http/Request), Object(Closure), 'numerators.view')
#24 A:/XAMPP/htdocs/insure-lk/vendor/laravel/framework/src/Illuminate/Routing/Middleware/SubstituteBindings.php(51): Illuminate/Pipeline/Pipeline->Illuminate/Pipeline/{closure}(Object(Illuminate/Http/Request))
#25 A:/XAMPP/htdocs/insure-lk/vendor/laravel/framework/src/Illuminate/Pipeline/Pipeline.php(209): Illuminate/Routing/Middleware/SubstituteBindings->handle(Object(Illuminate/Http/Request), Object(Closure))
#26 A:/XAMPP/htdocs/insure-lk/vendor/laravel/framework/src/Illuminate/Auth/Middleware/Authenticate.php(64): Illuminate/Pipeline/Pipeline->Illuminate/Pipeline/{closure}(Object(Illuminate/Http/Request))
#27 A:/XAMPP/htdocs/insure-lk/vendor/laravel/framework/src/Illuminate/Pipeline/Pipeline.php(209): Illuminate/Auth/Middleware/Authenticate->handle(Object(Illuminate/Http/Request), Object(Closure))
#28 A:/XAMPP/htdocs/insure-lk/vendor/laravel/framework/src/Illuminate/Foundation/Http/Middleware/VerifyCsrfToken.php(88): Illuminate/Pipeline/Pipeline->Illuminate/Pipeline/{closure}(Object(Illuminate/Http/Request))
#29 A:/XAMPP/htdocs/insure-lk/vendor/laravel/framework/src/Illuminate/Pipeline/Pipeline.php(209): Illuminate/Foundation/Http/Middleware/VerifyCsrfToken->handle(Object(Illuminate/Http/Request), Object(Closure))
#30 A:/XAMPP/htdocs/insure-lk/vendor/laravel/framework/src/Illuminate/View/Middleware/ShareErrorsFromSession.php(49): Illuminate/Pipeline/Pipeline->Illuminate/Pipeline/{closure}(Object(Illuminate/Http/Request))
#31 A:/XAMPP/htdocs/insure-lk/vendor/laravel/framework/src/Illuminate/Pipeline/Pipeline.php(209): Illuminate/View/Middleware/ShareErrorsFromSession->handle(Object(Illuminate/Http/Request), Object(Closure))
#32 A:/XAMPP/htdocs/insure-lk/vendor/laravel/framework/src/Illuminate/Session/Middleware/StartSession.php(121): Illuminate/Pipeline/Pipeline->Illuminate/Pipeline/{closure}(Object(Illuminate/Http/Request))
#33 A:/XAMPP/htdocs/insure-lk/vendor/laravel/framework/src/Illuminate/Session/Middleware/StartSession.php(64): Illuminate/Session/Middleware/StartSession->handleStatefulRequest(Object(Illuminate/Http/Request), Object(Illuminate/Session/Store), Object(Closure))
#34 A:/XAMPP/htdocs/insure-lk/vendor/laravel/framework/src/Illuminate/Pipeline/Pipeline.php(209): Illuminate/Session/Middleware/StartSession->handle(Object(Illuminate/Http/Request), Object(Closure))
#35 A:/XAMPP/htdocs/insure-lk/vendor/laravel/framework/src/Illuminate/Cookie/Middleware/AddQueuedCookiesToResponse.php(37): Illuminate/Pipeline/Pipeline->Illuminate/Pipeline/{closure}(Object(Illuminate/Http/Request))
#36 A:/XAMPP/htdocs/insure-lk/vendor/laravel/framework/src/Illuminate/Pipeline/Pipeline.php(209): Illuminate/Cookie/Middleware/AddQueuedCookiesToResponse->handle(Object(Illuminate/Http/Request), Object(Closure))
#37 A:/XAMPP/htdocs/insure-lk/vendor/laravel/framework/src/Illuminate/Cookie/Middleware/EncryptCookies.php(75): Illuminate/Pipeline/Pipeline->Illuminate/Pipeline/{closure}(Object(Illuminate/Http/Request))
#38 A:/XAMPP/htdocs/insure-lk/vendor/laravel/framework/src/Illuminate/Pipeline/Pipeline.php(209): Illuminate/Cookie/Middleware/EncryptCookies->handle(Object(Illuminate/Http/Request), Object(Closure))
#39 A:/XAMPP/htdocs/insure-lk/vendor/laravel/framework/src/Illuminate/Pipeline/Pipeline.php(127): Illuminate/Pipeline/Pipeline->Illuminate/Pipeline/{closure}(Object(Illuminate/Http/Request))
#40 A:/XAMPP/htdocs/insure-lk/vendor/laravel/framework/src/Illuminate/Routing/Router.php(807): Illuminate/Pipeline/Pipeline->then(Object(Closure))
#41 A:/XAMPP/htdocs/insure-lk/vendor/laravel/framework/src/Illuminate/Routing/Router.php(786): Illuminate/Routing/Router->runRouteWithinStack(Object(Illuminate/Routing/Route), Object(Illuminate/Http/Request))
#42 A:/XAMPP/htdocs/insure-lk/vendor/laravel/framework/src/Illuminate/Routing/Router.php(750): Illuminate/Routing/Router->runRoute(Object(Illuminate/Http/Request), Object(Illuminate/Routing/Route))
#43 A:/XAMPP/htdocs/insure-lk/vendor/laravel/framework/src/Illuminate/Routing/Router.php(739): Illuminate/Routing/Router->dispatchToRoute(Object(Illuminate/Http/Request))
#44 A:/XAMPP/htdocs/insure-lk/vendor/laravel/framework/src/Illuminate/Foundation/Http/Kernel.php(201): Illuminate/Routing/Router->dispatch(Object(Illuminate/Http/Request))
#45 A:/XAMPP/htdocs/insure-lk/vendor/laravel/framework/src/Illuminate/Pipeline/Pipeline.php(170): Illuminate/Foundation/Http/Kernel->Illuminate/Foundation/Http/{closure}(Object(Illuminate/Http/Request))
#46 A:/XAMPP/htdocs/insure-lk/vendor/livewire/livewire/src/Features/SupportDisablingBackButtonCache/DisableBackButtonCacheMiddleware.php(19): Illuminate/Pipeline/Pipeline->Illuminate/Pipeline/{closure}(Object(Illuminate/Http/Request))
#47 A:/XAMPP/htdocs/insure-lk/vendor/laravel/framework/src/Illuminate/Pipeline/Pipeline.php(209): Livewire/Features/SupportDisablingBackButtonCache/DisableBackButtonCacheMiddleware->handle(Object(Illuminate/Http/Request), Object(Closure))
#48 A:/XAMPP/htdocs/insure-lk/vendor/laravel/framework/src/Illuminate/Foundation/Http/Middleware/TransformsRequest.php(21): Illuminate/Pipeline/Pipeline->Illuminate/Pipeline/{closure}(Object(Illuminate/Http/Request))
#49 A:/XAMPP/htdocs/insure-lk/vendor/laravel/framework/src/Illuminate/Foundation/Http/Middleware/ConvertEmptyStringsToNull.php(31): Illuminate/Foundation/Http/Middleware/TransformsRequest->handle(Object(Illuminate/Http/Request), Object(Closure))
#50 A:/XAMPP/htdocs/insure-lk/vendor/laravel/framework/src/Illuminate/Pipeline/Pipeline.php(209): Illuminate/Foundation/Http/Middleware/ConvertEmptyStringsToNull->handle(Object(Illuminate/Http/Request), Object(Closure))
#51 A:/XAMPP/htdocs/insure-lk/vendor/laravel/framework/src/Illuminate/Foundation/Http/Middleware/TransformsRequest.php(21): Illuminate/Pipeline/Pipeline->Illuminate/Pipeline/{closure}(Object(Illuminate/Http/Request))
#52 A:/XAMPP/htdocs/insure-lk/vendor/laravel/framework/src/Illuminate/Foundation/Http/Middleware/TrimStrings.php(51): Illuminate/Foundation/Http/Middleware/TransformsRequest->handle(Object(Illuminate/Http/Request), Object(Closure))
#53 A:/XAMPP/htdocs/insure-lk/vendor/laravel/framework/src/Illuminate/Pipeline/Pipeline.php(209): Illuminate/Foundation/Http/Middleware/TrimStrings->handle(Object(Illuminate/Http/Request), Object(Closure))
#54 A:/XAMPP/htdocs/insure-lk/vendor/laravel/framework/src/Illuminate/Http/Middleware/ValidatePostSize.php(27): Illuminate/Pipeline/Pipeline->Illuminate/Pipeline/{closure}(Object(Illuminate/Http/Request))
#55 A:/XAMPP/htdocs/insure-lk/vendor/laravel/framework/src/Illuminate/Pipeline/Pipeline.php(209): Illuminate/Http/Middleware/ValidatePostSize->handle(Object(Illuminate/Http/Request), Object(Closure))
#56 A:/XAMPP/htdocs/insure-lk/vendor/laravel/framework/src/Illuminate/Foundation/Http/Middleware/PreventRequestsDuringMaintenance.php(110): Illuminate/Pipeline/Pipeline->Illuminate/Pipeline/{closure}(Object(Illuminate/Http/Request))
#57 A:/XAMPP/htdocs/insure-lk/vendor/laravel/framework/src/Illuminate/Pipeline/Pipeline.php(209): Illuminate/Foundation/Http/Middleware/PreventRequestsDuringMaintenance->handle(Object(Illuminate/Http/Request), Object(Closure))
#58 A:/XAMPP/htdocs/insure-lk/vendor/laravel/framework/src/Illuminate/Http/Middleware/HandleCors.php(49): Illuminate/Pipeline/Pipeline->Illuminate/Pipeline/{closure}(Object(Illuminate/Http/Request))
#59 A:/XAMPP/htdocs/insure-lk/vendor/laravel/framework/src/Illuminate/Pipeline/Pipeline.php(209): Illuminate/Http/Middleware/HandleCors->handle(Object(Illuminate/Http/Request), Object(Closure))
#60 A:/XAMPP/htdocs/insure-lk/vendor/laravel/framework/src/Illuminate/Http/Middleware/TrustProxies.php(58): Illuminate/Pipeline/Pipeline->Illuminate/Pipeline/{closure}(Object(Illuminate/Http/Request))
#61 A:/XAMPP/htdocs/insure-lk/vendor/laravel/framework/src/Illuminate/Pipeline/Pipeline.php(209): Illuminate/Http/Middleware/TrustProxies->handle(Object(Illuminate/Http/Request), Object(Closure))
#62 A:/XAMPP/htdocs/insure-lk/vendor/laravel/framework/src/Illuminate/Foundation/Http/Middleware/InvokeDeferredCallbacks.php(22): Illuminate/Pipeline/Pipeline->Illuminate/Pipeline/{closure}(Object(Illuminate/Http/Request))
#63 A:/XAMPP/htdocs/insure-lk/vendor/laravel/framework/src/Illuminate/Pipeline/Pipeline.php(209): Illuminate/Foundation/Http/Middleware/InvokeDeferredCallbacks->handle(Object(Illuminate/Http/Request), Object(Closure))
#64 A:/XAMPP/htdocs/insure-lk/vendor/laravel/framework/src/Illuminate/Pipeline/Pipeline.php(127): Illuminate/Pipeline/Pipeline->Illuminate/Pipeline/{closure}(Object(Illuminate/Http/Request))
#65 A:/XAMPP/htdocs/insure-lk/vendor/laravel/framework/src/Illuminate/Foundation/Http/Kernel.php(176): Illuminate/Pipeline/Pipeline->then(Object(Closure))
#66 A:/XAMPP/htdocs/insure-lk/vendor/laravel/framework/src/Illuminate/Foundation/Http/Kernel.php(145): Illuminate/Foundation/Http/Kernel->sendRequestThroughRouter(Object(Illuminate/Http/Request))
#67 A:/XAMPP/htdocs/insure-lk/vendor/laravel/framework/src/Illuminate/Foundation/Application.php(1220): Illuminate/Foundation/Http/Kernel->handle(Object(Illuminate/Http/Request))
#68 A:/XAMPP/htdocs/insure-lk/public/index.php(9): Illuminate/Foundation/Application->handleRequest(Object(Illuminate/Http/Request))
#69 {main}
"} 
[2026-06-29 02:00:55] local.ERROR: Route [numerators.create] not defined. (View: A:\XAMPP\htdocs\insure-lk\resources\views\livewire\numerators\index.blade.php) {"userId":1,"exception":"[object] (Illuminate\\View\\ViewException(code: 0): Route [numerators.create] not defined. (View: A:\\XAMPP\\htdocs\\insure-lk\\resources\\views\\livewire\\numerators\\index.blade.php) at A:/XAMPP/htdocs/insure-lk/vendor/laravel/framework/src/Illuminate/Routing/UrlGenerator.php:517)
[stacktrace]
#0 A:/XAMPP/htdocs/insure-lk/vendor/livewire/livewire/src/Mechanisms/ExtendBlade/ExtendedCompilerEngine.php(58): Illuminate/View/Engines/CompilerEngine->handleViewException(Object(Symfony/Component/Routing/Exception/RouteNotFoundException), 1)
#1 A:/XAMPP/htdocs/insure-lk/vendor/livewire/livewire/src/Mechanisms/ExtendBlade/ExtendedCompilerEngine.php(40): Livewire/Mechanisms/ExtendBlade/ExtendedCompilerEngine->handleViewException(Object(Symfony/Component/Routing/Exception/RouteNotFoundException), 1)
#2 A:/XAMPP/htdocs/insure-lk/vendor/laravel/framework/src/Illuminate/View/Engines/CompilerEngine.php(75): Livewire/Mechanisms/ExtendBlade/ExtendedCompilerEngine->evaluatePath('A://XAMPP//htdocs...', Array)
#3 A:/XAMPP/htdocs/insure-lk/vendor/livewire/livewire/src/Mechanisms/ExtendBlade/ExtendedCompilerEngine.php(16): Illuminate/View/Engines/CompilerEngine->get('A://XAMPP//htdocs...', Array)
#4 A:/XAMPP/htdocs/insure-lk/vendor/laravel/framework/src/Illuminate/View/View.php(209): Livewire/Mechanisms/ExtendBlade/ExtendedCompilerEngine->get('A://XAMPP//htdocs...', Array)
#5 A:/XAMPP/htdocs/insure-lk/vendor/laravel/framework/src/Illuminate/View/View.php(192): Illuminate/View/View->getContents()
#6 A:/XAMPP/htdocs/insure-lk/vendor/laravel/framework/src/Illuminate/View/View.php(161): Illuminate/View/View->renderContents()
#7 A:/XAMPP/htdocs/insure-lk/vendor/livewire/livewire/src/Mechanisms/HandleComponents/HandleComponents.php(282): Illuminate/View/View->render(Object(Closure))
#8 A:/XAMPP/htdocs/insure-lk/vendor/livewire/livewire/src/Mechanisms/HandleComponents/HandleComponents.php(326): Livewire/Mechanisms/HandleComponents/HandleComponents->Livewire/Mechanisms/HandleComponents/{closure}()
#9 A:/XAMPP/htdocs/insure-lk/vendor/livewire/livewire/src/Mechanisms/HandleComponents/HandleComponents.php(274): Livewire/Mechanisms/HandleComponents/HandleComponents->trackInRenderStack(Object(App/Livewire/Numerators/NumeratorIndex), Object(Closure))
#10 A:/XAMPP/htdocs/insure-lk/vendor/livewire/livewire/src/Mechanisms/HandleComponents/HandleComponents.php(54): Livewire/Mechanisms/HandleComponents/HandleComponents->render(Object(App/Livewire/Numerators/NumeratorIndex), '<div></div>')
#11 A:/XAMPP/htdocs/insure-lk/vendor/livewire/livewire/src/LivewireManager.php(73): Livewire/Mechanisms/HandleComponents/HandleComponents->mount('App//Livewire//Nu...', Array, NULL)
#12 A:/XAMPP/htdocs/insure-lk/vendor/livewire/livewire/src/Features/SupportPageComponents/HandlesPageComponents.php(17): Livewire/LivewireManager->mount('App//Livewire//Nu...', Array)
#13 A:/XAMPP/htdocs/insure-lk/vendor/livewire/livewire/src/Features/SupportPageComponents/SupportPageComponents.php(117): Livewire/Component->Livewire/Features/SupportPageComponents/{closure}()
#14 A:/XAMPP/htdocs/insure-lk/vendor/livewire/livewire/src/Features/SupportPageComponents/HandlesPageComponents.php(14): Livewire/Features/SupportPageComponents/SupportPageComponents::interceptTheRenderOfTheComponentAndRetreiveTheLayoutConfiguration(Object(Closure))
#15 A:/XAMPP/htdocs/insure-lk/vendor/laravel/framework/src/Illuminate/Routing/ControllerDispatcher.php(47): Livewire/Component->__invoke()
#16 A:/XAMPP/htdocs/insure-lk/vendor/laravel/framework/src/Illuminate/Routing/Route.php(266): Illuminate/Routing/ControllerDispatcher->dispatch(Object(Illuminate/Routing/Route), Object(App/Livewire/Numerators/NumeratorIndex), '__invoke')
#17 A:/XAMPP/htdocs/insure-lk/vendor/laravel/framework/src/Illuminate/Routing/Route.php(212): Illuminate/Routing/Route->runController()
#18 A:/XAMPP/htdocs/insure-lk/vendor/laravel/framework/src/Illuminate/Routing/Router.php(808): Illuminate/Routing/Route->run()
#19 A:/XAMPP/htdocs/insure-lk/vendor/laravel/framework/src/Illuminate/Pipeline/Pipeline.php(170): Illuminate/Routing/Router->Illuminate/Routing/{closure}(Object(Illuminate/Http/Request))
#20 A:/XAMPP/htdocs/insure-lk/vendor/laravel/framework/src/Illuminate/Auth/Middleware/Authorize.php(60): Illuminate/Pipeline/Pipeline->Illuminate/Pipeline/{closure}(Object(Illuminate/Http/Request))
#21 A:/XAMPP/htdocs/insure-lk/vendor/laravel/framework/src/Illuminate/Pipeline/Pipeline.php(209): Illuminate/Auth/Middleware/Authorize->handle(Object(Illuminate/Http/Request), Object(Closure), 'numerators.view')
#22 A:/XAMPP/htdocs/insure-lk/vendor/laravel/framework/src/Illuminate/Routing/Middleware/SubstituteBindings.php(51): Illuminate/Pipeline/Pipeline->Illuminate/Pipeline/{closure}(Object(Illuminate/Http/Request))
#23 A:/XAMPP/htdocs/insure-lk/vendor/laravel/framework/src/Illuminate/Pipeline/Pipeline.php(209): Illuminate/Routing/Middleware/SubstituteBindings->handle(Object(Illuminate/Http/Request), Object(Closure))
#24 A:/XAMPP/htdocs/insure-lk/vendor/laravel/framework/src/Illuminate/Auth/Middleware/Authenticate.php(64): Illuminate/Pipeline/Pipeline->Illuminate/Pipeline/{closure}(Object(Illuminate/Http/Request))
#25 A:/XAMPP/htdocs/insure-lk/vendor/laravel/framework/src/Illuminate/Pipeline/Pipeline.php(209): Illuminate/Auth/Middleware/Authenticate->handle(Object(Illuminate/Http/Request), Object(Closure))
#26 A:/XAMPP/htdocs/insure-lk/vendor/laravel/framework/src/Illuminate/Foundation/Http/Middleware/VerifyCsrfToken.php(88): Illuminate/Pipeline/Pipeline->Illuminate/Pipeline/{closure}(Object(Illuminate/Http/Request))
#27 A:/XAMPP/htdocs/insure-lk/vendor/laravel/framework/src/Illuminate/Pipeline/Pipeline.php(209): Illuminate/Foundation/Http/Middleware/VerifyCsrfToken->handle(Object(Illuminate/Http/Request), Object(Closure))
#28 A:/XAMPP/htdocs/insure-lk/vendor/laravel/framework/src/Illuminate/View/Middleware/ShareErrorsFromSession.php(49): Illuminate/Pipeline/Pipeline->Illuminate/Pipeline/{closure}(Object(Illuminate/Http/Request))
#29 A:/XAMPP/htdocs/insure-lk/vendor/laravel/framework/src/Illuminate/Pipeline/Pipeline.php(209): Illuminate/View/Middleware/ShareErrorsFromSession->handle(Object(Illuminate/Http/Request), Object(Closure))
#30 A:/XAMPP/htdocs/insure-lk/vendor/laravel/framework/src/Illuminate/Session/Middleware/StartSession.php(121): Illuminate/Pipeline/Pipeline->Illuminate/Pipeline/{closure}(Object(Illuminate/Http/Request))
#31 A:/XAMPP/htdocs/insure-lk/vendor/laravel/framework/src/Illuminate/Session/Middleware/StartSession.php(64): Illuminate/Session/Middleware/StartSession->handleStatefulRequest(Object(Illuminate/Http/Request), Object(Illuminate/Session/Store), Object(Closure))
#32 A:/XAMPP/htdocs/insure-lk/vendor/laravel/framework/src/Illuminate/Pipeline/Pipeline.php(209): Illuminate/Session/Middleware/StartSession->handle(Object(Illuminate/Http/Request), Object(Closure))
#33 A:/XAMPP/htdocs/insure-lk/vendor/laravel/framework/src/Illuminate/Cookie/Middleware/AddQueuedCookiesToResponse.php(37): Illuminate/Pipeline/Pipeline->Illuminate/Pipeline/{closure}(Object(Illuminate/Http/Request))
#34 A:/XAMPP/htdocs/insure-lk/vendor/laravel/framework/src/Illuminate/Pipeline/Pipeline.php(209): Illuminate/Cookie/Middleware/AddQueuedCookiesToResponse->handle(Object(Illuminate/Http/Request), Object(Closure))
#35 A:/XAMPP/htdocs/insure-lk/vendor/laravel/framework/src/Illuminate/Cookie/Middleware/EncryptCookies.php(75): Illuminate/Pipeline/Pipeline->Illuminate/Pipeline/{closure}(Object(Illuminate/Http/Request))
#36 A:/XAMPP/htdocs/insure-lk/vendor/laravel/framework/src/Illuminate/Pipeline/Pipeline.php(209): Illuminate/Cookie/Middleware/EncryptCookies->handle(Object(Illuminate/Http/Request), Object(Closure))
#37 A:/XAMPP/htdocs/insure-lk/vendor/laravel/framework/src/Illuminate/Pipeline/Pipeline.php(127): Illuminate/Pipeline/Pipeline->Illuminate/Pipeline/{closure}(Object(Illuminate/Http/Request))
#38 A:/XAMPP/htdocs/insure-lk/vendor/laravel/framework/src/Illuminate/Routing/Router.php(807): Illuminate/Pipeline/Pipeline->then(Object(Closure))
#39 A:/XAMPP/htdocs/insure-lk/vendor/laravel/framework/src/Illuminate/Routing/Router.php(786): Illuminate/Routing/Router->runRouteWithinStack(Object(Illuminate/Routing/Route), Object(Illuminate/Http/Request))
#40 A:/XAMPP/htdocs/insure-lk/vendor/laravel/framework/src/Illuminate/Routing/Router.php(750): Illuminate/Routing/Router->runRoute(Object(Illuminate/Http/Request), Object(Illuminate/Routing/Route))
#41 A:/XAMPP/htdocs/insure-lk/vendor/laravel/framework/src/Illuminate/Routing/Router.php(739): Illuminate/Routing/Router->dispatchToRoute(Object(Illuminate/Http/Request))
#42 A:/XAMPP/htdocs/insure-lk/vendor/laravel/framework/src/Illuminate/Foundation/Http/Kernel.php(201): Illuminate/Routing/Router->dispatch(Object(Illuminate/Http/Request))
#43 A:/XAMPP/htdocs/insure-lk/vendor/laravel/framework/src/Illuminate/Pipeline/Pipeline.php(170): Illuminate/Foundation/Http/Kernel->Illuminate/Foundation/Http/{closure}(Object(Illuminate/Http/Request))
#44 A:/XAMPP/htdocs/insure-lk/vendor/livewire/livewire/src/Features/SupportDisablingBackButtonCache/DisableBackButtonCacheMiddleware.php(19): Illuminate/Pipeline/Pipeline->Illuminate/Pipeline/{closure}(Object(Illuminate/Http/Request))
#45 A:/XAMPP/htdocs/insure-lk/vendor/laravel/framework/src/Illuminate/Pipeline/Pipeline.php(209): Livewire/Features/SupportDisablingBackButtonCache/DisableBackButtonCacheMiddleware->handle(Object(Illuminate/Http/Request), Object(Closure))
#46 A:/XAMPP/htdocs/insure-lk/vendor/laravel/framework/src/Illuminate/Foundation/Http/Middleware/TransformsRequest.php(21): Illuminate/Pipeline/Pipeline->Illuminate/Pipeline/{closure}(Object(Illuminate/Http/Request))
#47 A:/XAMPP/htdocs/insure-lk/vendor/laravel/framework/src/Illuminate/Foundation/Http/Middleware/ConvertEmptyStringsToNull.php(31): Illuminate/Foundation/Http/Middleware/TransformsRequest->handle(Object(Illuminate/Http/Request), Object(Closure))
#48 A:/XAMPP/htdocs/insure-lk/vendor/laravel/framework/src/Illuminate/Pipeline/Pipeline.php(209): Illuminate/Foundation/Http/Middleware/ConvertEmptyStringsToNull->handle(Object(Illuminate/Http/Request), Object(Closure))
#49 A:/XAMPP/htdocs/insure-lk/vendor/laravel/framework/src/Illuminate/Foundation/Http/Middleware/TransformsRequest.php(21): Illuminate/Pipeline/Pipeline->Illuminate/Pipeline/{closure}(Object(Illuminate/Http/Request))
#50 A:/XAMPP/htdocs/insure-lk/vendor/laravel/framework/src/Illuminate/Foundation/Http/Middleware/TrimStrings.php(51): Illuminate/Foundation/Http/Middleware/TransformsRequest->handle(Object(Illuminate/Http/Request), Object(Closure))
#51 A:/XAMPP/htdocs/insure-lk/vendor/laravel/framework/src/Illuminate/Pipeline/Pipeline.php(209): Illuminate/Foundation/Http/Middleware/TrimStrings->handle(Object(Illuminate/Http/Request), Object(Closure))
#52 A:/XAMPP/htdocs/insure-lk/vendor/laravel/framework/src/Illuminate/Http/Middleware/ValidatePostSize.php(27): Illuminate/Pipeline/Pipeline->Illuminate/Pipeline/{closure}(Object(Illuminate/Http/Request))
#53 A:/XAMPP/htdocs/insure-lk/vendor/laravel/framework/src/Illuminate/Pipeline/Pipeline.php(209): Illuminate/Http/Middleware/ValidatePostSize->handle(Object(Illuminate/Http/Request), Object(Closure))
#54 A:/XAMPP/htdocs/insure-lk/vendor/laravel/framework/src/Illuminate/Foundation/Http/Middleware/PreventRequestsDuringMaintenance.php(110): Illuminate/Pipeline/Pipeline->Illuminate/Pipeline/{closure}(Object(Illuminate/Http/Request))
#55 A:/XAMPP/htdocs/insure-lk/vendor/laravel/framework/src/Illuminate/Pipeline/Pipeline.php(209): Illuminate/Foundation/Http/Middleware/PreventRequestsDuringMaintenance->handle(Object(Illuminate/Http/Request), Object(Closure))
#56 A:/XAMPP/htdocs/insure-lk/vendor/laravel/framework/src/Illuminate/Http/Middleware/HandleCors.php(49): Illuminate/Pipeline/Pipeline->Illuminate/Pipeline/{closure}(Object(Illuminate/Http/Request))
#57 A:/XAMPP/htdocs/insure-lk/vendor/laravel/framework/src/Illuminate/Pipeline/Pipeline.php(209): Illuminate/Http/Middleware/HandleCors->handle(Object(Illuminate/Http/Request), Object(Closure))
#58 A:/XAMPP/htdocs/insure-lk/vendor/laravel/framework/src/Illuminate/Http/Middleware/TrustProxies.php(58): Illuminate/Pipeline/Pipeline->Illuminate/Pipeline/{closure}(Object(Illuminate/Http/Request))
#59 A:/XAMPP/htdocs/insure-lk/vendor/laravel/framework/src/Illuminate/Pipeline/Pipeline.php(209): Illuminate/Http/Middleware/TrustProxies->handle(Object(Illuminate/Http/Request), Object(Closure))
#60 A:/XAMPP/htdocs/insure-lk/vendor/laravel/framework/src/Illuminate/Foundation/Http/Middleware/InvokeDeferredCallbacks.php(22): Illuminate/Pipeline/Pipeline->Illuminate/Pipeline/{closure}(Object(Illuminate/Http/Request))
#61 A:/XAMPP/htdocs/insure-lk/vendor/laravel/framework/src/Illuminate/Pipeline/Pipeline.php(209): Illuminate/Foundation/Http/Middleware/InvokeDeferredCallbacks->handle(Object(Illuminate/Http/Request), Object(Closure))
#62 A:/XAMPP/htdocs/insure-lk/vendor/laravel/framework/src/Illuminate/Pipeline/Pipeline.php(127): Illuminate/Pipeline/Pipeline->Illuminate/Pipeline/{closure}(Object(Illuminate/Http/Request))
#63 A:/XAMPP/htdocs/insure-lk/vendor/laravel/framework/src/Illuminate/Foundation/Http/Kernel.php(176): Illuminate/Pipeline/Pipeline->then(Object(Closure))
#64 A:/XAMPP/htdocs/insure-lk/vendor/laravel/framework/src/Illuminate/Foundation/Http/Kernel.php(145): Illuminate/Foundation/Http/Kernel->sendRequestThroughRouter(Object(Illuminate/Http/Request))
#65 A:/XAMPP/htdocs/insure-lk/vendor/laravel/framework/src/Illuminate/Foundation/Application.php(1220): Illuminate/Foundation/Http/Kernel->handle(Object(Illuminate/Http/Request))
#66 A:/XAMPP/htdocs/insure-lk/public/index.php(9): Illuminate/Foundation/Application->handleRequest(Object(Illuminate/Http/Request))
#67 {main}

[previous exception] [object] (Symfony\\Component\\Routing\\Exception\\RouteNotFoundException(code: 0): Route [numerators.create] not defined. at A:/XAMPP/htdocs/insure-lk/vendor/laravel/framework/src/Illuminate/Routing/UrlGenerator.php:517)
[stacktrace]
#0 A:/XAMPP/htdocs/insure-lk/vendor/laravel/framework/src/Illuminate/Foundation/helpers.php(853): Illuminate/Routing/UrlGenerator->route('numerators.crea...', Array, true)
#1 A:/XAMPP/htdocs/insure-lk/storage/framework/views/682034971eaa96fa220ed18d744b1f15.php(4): route('numerators.crea...')
#2 A:/XAMPP/htdocs/insure-lk/vendor/livewire/livewire/src/Mechanisms/ExtendBlade/ExtendedCompilerEngine.php(37): include('A://XAMPP//htdocs...')
#3 A:/XAMPP/htdocs/insure-lk/vendor/livewire/livewire/src/Mechanisms/ExtendBlade/ExtendedCompilerEngine.php(38): App/Livewire/Numerators/NumeratorIndex->Livewire/Mechanisms/ExtendBlade/{closure}()
#4 A:/XAMPP/htdocs/insure-lk/vendor/laravel/framework/src/Illuminate/View/Engines/CompilerEngine.php(75): Livewire/Mechanisms/ExtendBlade/ExtendedCompilerEngine->evaluatePath('A://XAMPP//htdocs...', Array)
#5 A:/XAMPP/htdocs/insure-lk/vendor/livewire/livewire/src/Mechanisms/ExtendBlade/ExtendedCompilerEngine.php(16): Illuminate/View/Engines/CompilerEngine->get('A://XAMPP//htdocs...', Array)
#6 A:/XAMPP/htdocs/insure-lk/vendor/laravel/framework/src/Illuminate/View/View.php(209): Livewire/Mechanisms/ExtendBlade/ExtendedCompilerEngine->get('A://XAMPP//htdocs...', Array)
#7 A:/XAMPP/htdocs/insure-lk/vendor/laravel/framework/src/Illuminate/View/View.php(192): Illuminate/View/View->getContents()
#8 A:/XAMPP/htdocs/insure-lk/vendor/laravel/framework/src/Illuminate/View/View.php(161): Illuminate/View/View->renderContents()
#9 A:/XAMPP/htdocs/insure-lk/vendor/livewire/livewire/src/Mechanisms/HandleComponents/HandleComponents.php(282): Illuminate/View/View->render(Object(Closure))
#10 A:/XAMPP/htdocs/insure-lk/vendor/livewire/livewire/src/Mechanisms/HandleComponents/HandleComponents.php(326): Livewire/Mechanisms/HandleComponents/HandleComponents->Livewire/Mechanisms/HandleComponents/{closure}()
#11 A:/XAMPP/htdocs/insure-lk/vendor/livewire/livewire/src/Mechanisms/HandleComponents/HandleComponents.php(274): Livewire/Mechanisms/HandleComponents/HandleComponents->trackInRenderStack(Object(App/Livewire/Numerators/NumeratorIndex), Object(Closure))
#12 A:/XAMPP/htdocs/insure-lk/vendor/livewire/livewire/src/Mechanisms/HandleComponents/HandleComponents.php(54): Livewire/Mechanisms/HandleComponents/HandleComponents->render(Object(App/Livewire/Numerators/NumeratorIndex), '<div></div>')
#13 A:/XAMPP/htdocs/insure-lk/vendor/livewire/livewire/src/LivewireManager.php(73): Livewire/Mechanisms/HandleComponents/HandleComponents->mount('App//Livewire//Nu...', Array, NULL)
#14 A:/XAMPP/htdocs/insure-lk/vendor/livewire/livewire/src/Features/SupportPageComponents/HandlesPageComponents.php(17): Livewire/LivewireManager->mount('App//Livewire//Nu...', Array)
#15 A:/XAMPP/htdocs/insure-lk/vendor/livewire/livewire/src/Features/SupportPageComponents/SupportPageComponents.php(117): Livewire/Component->Livewire/Features/SupportPageComponents/{closure}()
#16 A:/XAMPP/htdocs/insure-lk/vendor/livewire/livewire/src/Features/SupportPageComponents/HandlesPageComponents.php(14): Livewire/Features/SupportPageComponents/SupportPageComponents::interceptTheRenderOfTheComponentAndRetreiveTheLayoutConfiguration(Object(Closure))
#17 A:/XAMPP/htdocs/insure-lk/vendor/laravel/framework/src/Illuminate/Routing/ControllerDispatcher.php(47): Livewire/Component->__invoke()
#18 A:/XAMPP/htdocs/insure-lk/vendor/laravel/framework/src/Illuminate/Routing/Route.php(266): Illuminate/Routing/ControllerDispatcher->dispatch(Object(Illuminate/Routing/Route), Object(App/Livewire/Numerators/NumeratorIndex), '__invoke')
#19 A:/XAMPP/htdocs/insure-lk/vendor/laravel/framework/src/Illuminate/Routing/Route.php(212): Illuminate/Routing/Route->runController()
#20 A:/XAMPP/htdocs/insure-lk/vendor/laravel/framework/src/Illuminate/Routing/Router.php(808): Illuminate/Routing/Route->run()
#21 A:/XAMPP/htdocs/insure-lk/vendor/laravel/framework/src/Illuminate/Pipeline/Pipeline.php(170): Illuminate/Routing/Router->Illuminate/Routing/{closure}(Object(Illuminate/Http/Request))
#22 A:/XAMPP/htdocs/insure-lk/vendor/laravel/framework/src/Illuminate/Auth/Middleware/Authorize.php(60): Illuminate/Pipeline/Pipeline->Illuminate/Pipeline/{closure}(Object(Illuminate/Http/Request))
#23 A:/XAMPP/htdocs/insure-lk/vendor/laravel/framework/src/Illuminate/Pipeline/Pipeline.php(209): Illuminate/Auth/Middleware/Authorize->handle(Object(Illuminate/Http/Request), Object(Closure), 'numerators.view')
#24 A:/XAMPP/htdocs/insure-lk/vendor/laravel/framework/src/Illuminate/Routing/Middleware/SubstituteBindings.php(51): Illuminate/Pipeline/Pipeline->Illuminate/Pipeline/{closure}(Object(Illuminate/Http/Request))
#25 A:/XAMPP/htdocs/insure-lk/vendor/laravel/framework/src/Illuminate/Pipeline/Pipeline.php(209): Illuminate/Routing/Middleware/SubstituteBindings->handle(Object(Illuminate/Http/Request), Object(Closure))
#26 A:/XAMPP/htdocs/insure-lk/vendor/laravel/framework/src/Illuminate/Auth/Middleware/Authenticate.php(64): Illuminate/Pipeline/Pipeline->Illuminate/Pipeline/{closure}(Object(Illuminate/Http/Request))
#27 A:/XAMPP/htdocs/insure-lk/vendor/laravel/framework/src/Illuminate/Pipeline/Pipeline.php(209): Illuminate/Auth/Middleware/Authenticate->handle(Object(Illuminate/Http/Request), Object(Closure))
#28 A:/XAMPP/htdocs/insure-lk/vendor/laravel/framework/src/Illuminate/Foundation/Http/Middleware/VerifyCsrfToken.php(88): Illuminate/Pipeline/Pipeline->Illuminate/Pipeline/{closure}(Object(Illuminate/Http/Request))
#29 A:/XAMPP/htdocs/insure-lk/vendor/laravel/framework/src/Illuminate/Pipeline/Pipeline.php(209): Illuminate/Foundation/Http/Middleware/VerifyCsrfToken->handle(Object(Illuminate/Http/Request), Object(Closure))
#30 A:/XAMPP/htdocs/insure-lk/vendor/laravel/framework/src/Illuminate/View/Middleware/ShareErrorsFromSession.php(49): Illuminate/Pipeline/Pipeline->Illuminate/Pipeline/{closure}(Object(Illuminate/Http/Request))
#31 A:/XAMPP/htdocs/insure-lk/vendor/laravel/framework/src/Illuminate/Pipeline/Pipeline.php(209): Illuminate/View/Middleware/ShareErrorsFromSession->handle(Object(Illuminate/Http/Request), Object(Closure))
#32 A:/XAMPP/htdocs/insure-lk/vendor/laravel/framework/src/Illuminate/Session/Middleware/StartSession.php(121): Illuminate/Pipeline/Pipeline->Illuminate/Pipeline/{closure}(Object(Illuminate/Http/Request))
#33 A:/XAMPP/htdocs/insure-lk/vendor/laravel/framework/src/Illuminate/Session/Middleware/StartSession.php(64): Illuminate/Session/Middleware/StartSession->handleStatefulRequest(Object(Illuminate/Http/Request), Object(Illuminate/Session/Store), Object(Closure))
#34 A:/XAMPP/htdocs/insure-lk/vendor/laravel/framework/src/Illuminate/Pipeline/Pipeline.php(209): Illuminate/Session/Middleware/StartSession->handle(Object(Illuminate/Http/Request), Object(Closure))
#35 A:/XAMPP/htdocs/insure-lk/vendor/laravel/framework/src/Illuminate/Cookie/Middleware/AddQueuedCookiesToResponse.php(37): Illuminate/Pipeline/Pipeline->Illuminate/Pipeline/{closure}(Object(Illuminate/Http/Request))
#36 A:/XAMPP/htdocs/insure-lk/vendor/laravel/framework/src/Illuminate/Pipeline/Pipeline.php(209): Illuminate/Cookie/Middleware/AddQueuedCookiesToResponse->handle(Object(Illuminate/Http/Request), Object(Closure))
#37 A:/XAMPP/htdocs/insure-lk/vendor/laravel/framework/src/Illuminate/Cookie/Middleware/EncryptCookies.php(75): Illuminate/Pipeline/Pipeline->Illuminate/Pipeline/{closure}(Object(Illuminate/Http/Request))
#38 A:/XAMPP/htdocs/insure-lk/vendor/laravel/framework/src/Illuminate/Pipeline/Pipeline.php(209): Illuminate/Cookie/Middleware/EncryptCookies->handle(Object(Illuminate/Http/Request), Object(Closure))
#39 A:/XAMPP/htdocs/insure-lk/vendor/laravel/framework/src/Illuminate/Pipeline/Pipeline.php(127): Illuminate/Pipeline/Pipeline->Illuminate/Pipeline/{closure}(Object(Illuminate/Http/Request))
#40 A:/XAMPP/htdocs/insure-lk/vendor/laravel/framework/src/Illuminate/Routing/Router.php(807): Illuminate/Pipeline/Pipeline->then(Object(Closure))
#41 A:/XAMPP/htdocs/insure-lk/vendor/laravel/framework/src/Illuminate/Routing/Router.php(786): Illuminate/Routing/Router->runRouteWithinStack(Object(Illuminate/Routing/Route), Object(Illuminate/Http/Request))
#42 A:/XAMPP/htdocs/insure-lk/vendor/laravel/framework/src/Illuminate/Routing/Router.php(750): Illuminate/Routing/Router->runRoute(Object(Illuminate/Http/Request), Object(Illuminate/Routing/Route))
#43 A:/XAMPP/htdocs/insure-lk/vendor/laravel/framework/src/Illuminate/Routing/Router.php(739): Illuminate/Routing/Router->dispatchToRoute(Object(Illuminate/Http/Request))
#44 A:/XAMPP/htdocs/insure-lk/vendor/laravel/framework/src/Illuminate/Foundation/Http/Kernel.php(201): Illuminate/Routing/Router->dispatch(Object(Illuminate/Http/Request))
#45 A:/XAMPP/htdocs/insure-lk/vendor/laravel/framework/src/Illuminate/Pipeline/Pipeline.php(170): Illuminate/Foundation/Http/Kernel->Illuminate/Foundation/Http/{closure}(Object(Illuminate/Http/Request))
#46 A:/XAMPP/htdocs/insure-lk/vendor/livewire/livewire/src/Features/SupportDisablingBackButtonCache/DisableBackButtonCacheMiddleware.php(19): Illuminate/Pipeline/Pipeline->Illuminate/Pipeline/{closure}(Object(Illuminate/Http/Request))
#47 A:/XAMPP/htdocs/insure-lk/vendor/laravel/framework/src/Illuminate/Pipeline/Pipeline.php(209): Livewire/Features/SupportDisablingBackButtonCache/DisableBackButtonCacheMiddleware->handle(Object(Illuminate/Http/Request), Object(Closure))
#48 A:/XAMPP/htdocs/insure-lk/vendor/laravel/framework/src/Illuminate/Foundation/Http/Middleware/TransformsRequest.php(21): Illuminate/Pipeline/Pipeline->Illuminate/Pipeline/{closure}(Object(Illuminate/Http/Request))
#49 A:/XAMPP/htdocs/insure-lk/vendor/laravel/framework/src/Illuminate/Foundation/Http/Middleware/ConvertEmptyStringsToNull.php(31): Illuminate/Foundation/Http/Middleware/TransformsRequest->handle(Object(Illuminate/Http/Request), Object(Closure))
#50 A:/XAMPP/htdocs/insure-lk/vendor/laravel/framework/src/Illuminate/Pipeline/Pipeline.php(209): Illuminate/Foundation/Http/Middleware/ConvertEmptyStringsToNull->handle(Object(Illuminate/Http/Request), Object(Closure))
#51 A:/XAMPP/htdocs/insure-lk/vendor/laravel/framework/src/Illuminate/Foundation/Http/Middleware/TransformsRequest.php(21): Illuminate/Pipeline/Pipeline->Illuminate/Pipeline/{closure}(Object(Illuminate/Http/Request))
#52 A:/XAMPP/htdocs/insure-lk/vendor/laravel/framework/src/Illuminate/Foundation/Http/Middleware/TrimStrings.php(51): Illuminate/Foundation/Http/Middleware/TransformsRequest->handle(Object(Illuminate/Http/Request), Object(Closure))
#53 A:/XAMPP/htdocs/insure-lk/vendor/laravel/framework/src/Illuminate/Pipeline/Pipeline.php(209): Illuminate/Foundation/Http/Middleware/TrimStrings->handle(Object(Illuminate/Http/Request), Object(Closure))
#54 A:/XAMPP/htdocs/insure-lk/vendor/laravel/framework/src/Illuminate/Http/Middleware/ValidatePostSize.php(27): Illuminate/Pipeline/Pipeline->Illuminate/Pipeline/{closure}(Object(Illuminate/Http/Request))
#55 A:/XAMPP/htdocs/insure-lk/vendor/laravel/framework/src/Illuminate/Pipeline/Pipeline.php(209): Illuminate/Http/Middleware/ValidatePostSize->handle(Object(Illuminate/Http/Request), Object(Closure))
#56 A:/XAMPP/htdocs/insure-lk/vendor/laravel/framework/src/Illuminate/Foundation/Http/Middleware/PreventRequestsDuringMaintenance.php(110): Illuminate/Pipeline/Pipeline->Illuminate/Pipeline/{closure}(Object(Illuminate/Http/Request))
#57 A:/XAMPP/htdocs/insure-lk/vendor/laravel/framework/src/Illuminate/Pipeline/Pipeline.php(209): Illuminate/Foundation/Http/Middleware/PreventRequestsDuringMaintenance->handle(Object(Illuminate/Http/Request), Object(Closure))
#58 A:/XAMPP/htdocs/insure-lk/vendor/laravel/framework/src/Illuminate/Http/Middleware/HandleCors.php(49): Illuminate/Pipeline/Pipeline->Illuminate/Pipeline/{closure}(Object(Illuminate/Http/Request))
#59 A:/XAMPP/htdocs/insure-lk/vendor/laravel/framework/src/Illuminate/Pipeline/Pipeline.php(209): Illuminate/Http/Middleware/HandleCors->handle(Object(Illuminate/Http/Request), Object(Closure))
#60 A:/XAMPP/htdocs/insure-lk/vendor/laravel/framework/src/Illuminate/Http/Middleware/TrustProxies.php(58): Illuminate/Pipeline/Pipeline->Illuminate/Pipeline/{closure}(Object(Illuminate/Http/Request))
#61 A:/XAMPP/htdocs/insure-lk/vendor/laravel/framework/src/Illuminate/Pipeline/Pipeline.php(209): Illuminate/Http/Middleware/TrustProxies->handle(Object(Illuminate/Http/Request), Object(Closure))
#62 A:/XAMPP/htdocs/insure-lk/vendor/laravel/framework/src/Illuminate/Foundation/Http/Middleware/InvokeDeferredCallbacks.php(22): Illuminate/Pipeline/Pipeline->Illuminate/Pipeline/{closure}(Object(Illuminate/Http/Request))
#63 A:/XAMPP/htdocs/insure-lk/vendor/laravel/framework/src/Illuminate/Pipeline/Pipeline.php(209): Illuminate/Foundation/Http/Middleware/InvokeDeferredCallbacks->handle(Object(Illuminate/Http/Request), Object(Closure))
#64 A:/XAMPP/htdocs/insure-lk/vendor/laravel/framework/src/Illuminate/Pipeline/Pipeline.php(127): Illuminate/Pipeline/Pipeline->Illuminate/Pipeline/{closure}(Object(Illuminate/Http/Request))
#65 A:/XAMPP/htdocs/insure-lk/vendor/laravel/framework/src/Illuminate/Foundation/Http/Kernel.php(176): Illuminate/Pipeline/Pipeline->then(Object(Closure))
#66 A:/XAMPP/htdocs/insure-lk/vendor/laravel/framework/src/Illuminate/Foundation/Http/Kernel.php(145): Illuminate/Foundation/Http/Kernel->sendRequestThroughRouter(Object(Illuminate/Http/Request))
#67 A:/XAMPP/htdocs/insure-lk/vendor/laravel/framework/src/Illuminate/Foundation/Application.php(1220): Illuminate/Foundation/Http/Kernel->handle(Object(Illuminate/Http/Request))
#68 A:/XAMPP/htdocs/insure-lk/public/index.php(9): Illuminate/Foundation/Application->handleRequest(Object(Illuminate/Http/Request))
#69 {main}
"} 
[2026-06-29 02:04:46] local.ERROR: Route [numerators.create] not defined. (View: A:\XAMPP\htdocs\insure-lk\resources\views\livewire\numerators\index.blade.php) {"userId":1,"exception":"[object] (Illuminate\\View\\ViewException(code: 0): Route [numerators.create] not defined. (View: A:\\XAMPP\\htdocs\\insure-lk\\resources\\views\\livewire\\numerators\\index.blade.php) at A:/XAMPP/htdocs/insure-lk/vendor/laravel/framework/src/Illuminate/Routing/UrlGenerator.php:517)
[stacktrace]
#0 A:/XAMPP/htdocs/insure-lk/vendor/livewire/livewire/src/Mechanisms/ExtendBlade/ExtendedCompilerEngine.php(58): Illuminate/View/Engines/CompilerEngine->handleViewException(Object(Symfony/Component/Routing/Exception/RouteNotFoundException), 1)
#1 A:/XAMPP/htdocs/insure-lk/vendor/livewire/livewire/src/Mechanisms/ExtendBlade/ExtendedCompilerEngine.php(40): Livewire/Mechanisms/ExtendBlade/ExtendedCompilerEngine->handleViewException(Object(Symfony/Component/Routing/Exception/RouteNotFoundException), 1)
#2 A:/XAMPP/htdocs/insure-lk/vendor/laravel/framework/src/Illuminate/View/Engines/CompilerEngine.php(75): Livewire/Mechanisms/ExtendBlade/ExtendedCompilerEngine->evaluatePath('A://XAMPP//htdocs...', Array)
#3 A:/XAMPP/htdocs/insure-lk/vendor/livewire/livewire/src/Mechanisms/ExtendBlade/ExtendedCompilerEngine.php(16): Illuminate/View/Engines/CompilerEngine->get('A://XAMPP//htdocs...', Array)
#4 A:/XAMPP/htdocs/insure-lk/vendor/laravel/framework/src/Illuminate/View/View.php(209): Livewire/Mechanisms/ExtendBlade/ExtendedCompilerEngine->get('A://XAMPP//htdocs...', Array)
#5 A:/XAMPP/htdocs/insure-lk/vendor/laravel/framework/src/Illuminate/View/View.php(192): Illuminate/View/View->getContents()
#6 A:/XAMPP/htdocs/insure-lk/vendor/laravel/framework/src/Illuminate/View/View.php(161): Illuminate/View/View->renderContents()
#7 A:/XAMPP/htdocs/insure-lk/vendor/livewire/livewire/src/Mechanisms/HandleComponents/HandleComponents.php(282): Illuminate/View/View->render(Object(Closure))
#8 A:/XAMPP/htdocs/insure-lk/vendor/livewire/livewire/src/Mechanisms/HandleComponents/HandleComponents.php(326): Livewire/Mechanisms/HandleComponents/HandleComponents->Livewire/Mechanisms/HandleComponents/{closure}()
#9 A:/XAMPP/htdocs/insure-lk/vendor/livewire/livewire/src/Mechanisms/HandleComponents/HandleComponents.php(274): Livewire/Mechanisms/HandleComponents/HandleComponents->trackInRenderStack(Object(App/Livewire/Numerators/NumeratorIndex), Object(Closure))
#10 A:/XAMPP/htdocs/insure-lk/vendor/livewire/livewire/src/Mechanisms/HandleComponents/HandleComponents.php(54): Livewire/Mechanisms/HandleComponents/HandleComponents->render(Object(App/Livewire/Numerators/NumeratorIndex), '<div></div>')
#11 A:/XAMPP/htdocs/insure-lk/vendor/livewire/livewire/src/LivewireManager.php(73): Livewire/Mechanisms/HandleComponents/HandleComponents->mount('App//Livewire//Nu...', Array, NULL)
#12 A:/XAMPP/htdocs/insure-lk/vendor/livewire/livewire/src/Features/SupportPageComponents/HandlesPageComponents.php(17): Livewire/LivewireManager->mount('App//Livewire//Nu...', Array)
#13 A:/XAMPP/htdocs/insure-lk/vendor/livewire/livewire/src/Features/SupportPageComponents/SupportPageComponents.php(117): Livewire/Component->Livewire/Features/SupportPageComponents/{closure}()
#14 A:/XAMPP/htdocs/insure-lk/vendor/livewire/livewire/src/Features/SupportPageComponents/HandlesPageComponents.php(14): Livewire/Features/SupportPageComponents/SupportPageComponents::interceptTheRenderOfTheComponentAndRetreiveTheLayoutConfiguration(Object(Closure))
#15 A:/XAMPP/htdocs/insure-lk/vendor/laravel/framework/src/Illuminate/Routing/ControllerDispatcher.php(47): Livewire/Component->__invoke()
#16 A:/XAMPP/htdocs/insure-lk/vendor/laravel/framework/src/Illuminate/Routing/Route.php(266): Illuminate/Routing/ControllerDispatcher->dispatch(Object(Illuminate/Routing/Route), Object(App/Livewire/Numerators/NumeratorIndex), '__invoke')
#17 A:/XAMPP/htdocs/insure-lk/vendor/laravel/framework/src/Illuminate/Routing/Route.php(212): Illuminate/Routing/Route->runController()
#18 A:/XAMPP/htdocs/insure-lk/vendor/laravel/framework/src/Illuminate/Routing/Router.php(808): Illuminate/Routing/Route->run()
#19 A:/XAMPP/htdocs/insure-lk/vendor/laravel/framework/src/Illuminate/Pipeline/Pipeline.php(170): Illuminate/Routing/Router->Illuminate/Routing/{closure}(Object(Illuminate/Http/Request))
#20 A:/XAMPP/htdocs/insure-lk/vendor/laravel/framework/src/Illuminate/Auth/Middleware/Authorize.php(60): Illuminate/Pipeline/Pipeline->Illuminate/Pipeline/{closure}(Object(Illuminate/Http/Request))
#21 A:/XAMPP/htdocs/insure-lk/vendor/laravel/framework/src/Illuminate/Pipeline/Pipeline.php(209): Illuminate/Auth/Middleware/Authorize->handle(Object(Illuminate/Http/Request), Object(Closure), 'numerators.view')
#22 A:/XAMPP/htdocs/insure-lk/vendor/laravel/framework/src/Illuminate/Routing/Middleware/SubstituteBindings.php(51): Illuminate/Pipeline/Pipeline->Illuminate/Pipeline/{closure}(Object(Illuminate/Http/Request))
#23 A:/XAMPP/htdocs/insure-lk/vendor/laravel/framework/src/Illuminate/Pipeline/Pipeline.php(209): Illuminate/Routing/Middleware/SubstituteBindings->handle(Object(Illuminate/Http/Request), Object(Closure))
#24 A:/XAMPP/htdocs/insure-lk/vendor/laravel/framework/src/Illuminate/Auth/Middleware/Authenticate.php(64): Illuminate/Pipeline/Pipeline->Illuminate/Pipeline/{closure}(Object(Illuminate/Http/Request))
#25 A:/XAMPP/htdocs/insure-lk/vendor/laravel/framework/src/Illuminate/Pipeline/Pipeline.php(209): Illuminate/Auth/Middleware/Authenticate->handle(Object(Illuminate/Http/Request), Object(Closure))
#26 A:/XAMPP/htdocs/insure-lk/vendor/laravel/framework/src/Illuminate/Foundation/Http/Middleware/VerifyCsrfToken.php(88): Illuminate/Pipeline/Pipeline->Illuminate/Pipeline/{closure}(Object(Illuminate/Http/Request))
#27 A:/XAMPP/htdocs/insure-lk/vendor/laravel/framework/src/Illuminate/Pipeline/Pipeline.php(209): Illuminate/Foundation/Http/Middleware/VerifyCsrfToken->handle(Object(Illuminate/Http/Request), Object(Closure))
#28 A:/XAMPP/htdocs/insure-lk/vendor/laravel/framework/src/Illuminate/View/Middleware/ShareErrorsFromSession.php(49): Illuminate/Pipeline/Pipeline->Illuminate/Pipeline/{closure}(Object(Illuminate/Http/Request))
#29 A:/XAMPP/htdocs/insure-lk/vendor/laravel/framework/src/Illuminate/Pipeline/Pipeline.php(209): Illuminate/View/Middleware/ShareErrorsFromSession->handle(Object(Illuminate/Http/Request), Object(Closure))
#30 A:/XAMPP/htdocs/insure-lk/vendor/laravel/framework/src/Illuminate/Session/Middleware/StartSession.php(121): Illuminate/Pipeline/Pipeline->Illuminate/Pipeline/{closure}(Object(Illuminate/Http/Request))
#31 A:/XAMPP/htdocs/insure-lk/vendor/laravel/framework/src/Illuminate/Session/Middleware/StartSession.php(64): Illuminate/Session/Middleware/StartSession->handleStatefulRequest(Object(Illuminate/Http/Request), Object(Illuminate/Session/Store), Object(Closure))
#32 A:/XAMPP/htdocs/insure-lk/vendor/laravel/framework/src/Illuminate/Pipeline/Pipeline.php(209): Illuminate/Session/Middleware/StartSession->handle(Object(Illuminate/Http/Request), Object(Closure))
#33 A:/XAMPP/htdocs/insure-lk/vendor/laravel/framework/src/Illuminate/Cookie/Middleware/AddQueuedCookiesToResponse.php(37): Illuminate/Pipeline/Pipeline->Illuminate/Pipeline/{closure}(Object(Illuminate/Http/Request))
#34 A:/XAMPP/htdocs/insure-lk/vendor/laravel/framework/src/Illuminate/Pipeline/Pipeline.php(209): Illuminate/Cookie/Middleware/AddQueuedCookiesToResponse->handle(Object(Illuminate/Http/Request), Object(Closure))
#35 A:/XAMPP/htdocs/insure-lk/vendor/laravel/framework/src/Illuminate/Cookie/Middleware/EncryptCookies.php(75): Illuminate/Pipeline/Pipeline->Illuminate/Pipeline/{closure}(Object(Illuminate/Http/Request))
#36 A:/XAMPP/htdocs/insure-lk/vendor/laravel/framework/src/Illuminate/Pipeline/Pipeline.php(209): Illuminate/Cookie/Middleware/EncryptCookies->handle(Object(Illuminate/Http/Request), Object(Closure))
#37 A:/XAMPP/htdocs/insure-lk/vendor/laravel/framework/src/Illuminate/Pipeline/Pipeline.php(127): Illuminate/Pipeline/Pipeline->Illuminate/Pipeline/{closure}(Object(Illuminate/Http/Request))
#38 A:/XAMPP/htdocs/insure-lk/vendor/laravel/framework/src/Illuminate/Routing/Router.php(807): Illuminate/Pipeline/Pipeline->then(Object(Closure))
#39 A:/XAMPP/htdocs/insure-lk/vendor/laravel/framework/src/Illuminate/Routing/Router.php(786): Illuminate/Routing/Router->runRouteWithinStack(Object(Illuminate/Routing/Route), Object(Illuminate/Http/Request))
#40 A:/XAMPP/htdocs/insure-lk/vendor/laravel/framework/src/Illuminate/Routing/Router.php(750): Illuminate/Routing/Router->runRoute(Object(Illuminate/Http/Request), Object(Illuminate/Routing/Route))
#41 A:/XAMPP/htdocs/insure-lk/vendor/laravel/framework/src/Illuminate/Routing/Router.php(739): Illuminate/Routing/Router->dispatchToRoute(Object(Illuminate/Http/Request))
#42 A:/XAMPP/htdocs/insure-lk/vendor/laravel/framework/src/Illuminate/Foundation/Http/Kernel.php(201): Illuminate/Routing/Router->dispatch(Object(Illuminate/Http/Request))
#43 A:/XAMPP/htdocs/insure-lk/vendor/laravel/framework/src/Illuminate/Pipeline/Pipeline.php(170): Illuminate/Foundation/Http/Kernel->Illuminate/Foundation/Http/{closure}(Object(Illuminate/Http/Request))
#44 A:/XAMPP/htdocs/insure-lk/vendor/livewire/livewire/src/Features/SupportDisablingBackButtonCache/DisableBackButtonCacheMiddleware.php(19): Illuminate/Pipeline/Pipeline->Illuminate/Pipeline/{closure}(Object(Illuminate/Http/Request))
#45 A:/XAMPP/htdocs/insure-lk/vendor/laravel/framework/src/Illuminate/Pipeline/Pipeline.php(209): Livewire/Features/SupportDisablingBackButtonCache/DisableBackButtonCacheMiddleware->handle(Object(Illuminate/Http/Request), Object(Closure))
#46 A:/XAMPP/htdocs/insure-lk/vendor/laravel/framework/src/Illuminate/Foundation/Http/Middleware/TransformsRequest.php(21): Illuminate/Pipeline/Pipeline->Illuminate/Pipeline/{closure}(Object(Illuminate/Http/Request))
#47 A:/XAMPP/htdocs/insure-lk/vendor/laravel/framework/src/Illuminate/Foundation/Http/Middleware/ConvertEmptyStringsToNull.php(31): Illuminate/Foundation/Http/Middleware/TransformsRequest->handle(Object(Illuminate/Http/Request), Object(Closure))
#48 A:/XAMPP/htdocs/insure-lk/vendor/laravel/framework/src/Illuminate/Pipeline/Pipeline.php(209): Illuminate/Foundation/Http/Middleware/ConvertEmptyStringsToNull->handle(Object(Illuminate/Http/Request), Object(Closure))
#49 A:/XAMPP/htdocs/insure-lk/vendor/laravel/framework/src/Illuminate/Foundation/Http/Middleware/TransformsRequest.php(21): Illuminate/Pipeline/Pipeline->Illuminate/Pipeline/{closure}(Object(Illuminate/Http/Request))
#50 A:/XAMPP/htdocs/insure-lk/vendor/laravel/framework/src/Illuminate/Foundation/Http/Middleware/TrimStrings.php(51): Illuminate/Foundation/Http/Middleware/TransformsRequest->handle(Object(Illuminate/Http/Request), Object(Closure))
#51 A:/XAMPP/htdocs/insure-lk/vendor/laravel/framework/src/Illuminate/Pipeline/Pipeline.php(209): Illuminate/Foundation/Http/Middleware/TrimStrings->handle(Object(Illuminate/Http/Request), Object(Closure))
#52 A:/XAMPP/htdocs/insure-lk/vendor/laravel/framework/src/Illuminate/Http/Middleware/ValidatePostSize.php(27): Illuminate/Pipeline/Pipeline->Illuminate/Pipeline/{closure}(Object(Illuminate/Http/Request))
#53 A:/XAMPP/htdocs/insure-lk/vendor/laravel/framework/src/Illuminate/Pipeline/Pipeline.php(209): Illuminate/Http/Middleware/ValidatePostSize->handle(Object(Illuminate/Http/Request), Object(Closure))
#54 A:/XAMPP/htdocs/insure-lk/vendor/laravel/framework/src/Illuminate/Foundation/Http/Middleware/PreventRequestsDuringMaintenance.php(110): Illuminate/Pipeline/Pipeline->Illuminate/Pipeline/{closure}(Object(Illuminate/Http/Request))
#55 A:/XAMPP/htdocs/insure-lk/vendor/laravel/framework/src/Illuminate/Pipeline/Pipeline.php(209): Illuminate/Foundation/Http/Middleware/PreventRequestsDuringMaintenance->handle(Object(Illuminate/Http/Request), Object(Closure))
#56 A:/XAMPP/htdocs/insure-lk/vendor/laravel/framework/src/Illuminate/Http/Middleware/HandleCors.php(49): Illuminate/Pipeline/Pipeline->Illuminate/Pipeline/{closure}(Object(Illuminate/Http/Request))
#57 A:/XAMPP/htdocs/insure-lk/vendor/laravel/framework/src/Illuminate/Pipeline/Pipeline.php(209): Illuminate/Http/Middleware/HandleCors->handle(Object(Illuminate/Http/Request), Object(Closure))
#58 A:/XAMPP/htdocs/insure-lk/vendor/laravel/framework/src/Illuminate/Http/Middleware/TrustProxies.php(58): Illuminate/Pipeline/Pipeline->Illuminate/Pipeline/{closure}(Object(Illuminate/Http/Request))
#59 A:/XAMPP/htdocs/insure-lk/vendor/laravel/framework/src/Illuminate/Pipeline/Pipeline.php(209): Illuminate/Http/Middleware/TrustProxies->handle(Object(Illuminate/Http/Request), Object(Closure))
#60 A:/XAMPP/htdocs/insure-lk/vendor/laravel/framework/src/Illuminate/Foundation/Http/Middleware/InvokeDeferredCallbacks.php(22): Illuminate/Pipeline/Pipeline->Illuminate/Pipeline/{closure}(Object(Illuminate/Http/Request))
#61 A:/XAMPP/htdocs/insure-lk/vendor/laravel/framework/src/Illuminate/Pipeline/Pipeline.php(209): Illuminate/Foundation/Http/Middleware/InvokeDeferredCallbacks->handle(Object(Illuminate/Http/Request), Object(Closure))
#62 A:/XAMPP/htdocs/insure-lk/vendor/laravel/framework/src/Illuminate/Pipeline/Pipeline.php(127): Illuminate/Pipeline/Pipeline->Illuminate/Pipeline/{closure}(Object(Illuminate/Http/Request))
#63 A:/XAMPP/htdocs/insure-lk/vendor/laravel/framework/src/Illuminate/Foundation/Http/Kernel.php(176): Illuminate/Pipeline/Pipeline->then(Object(Closure))
#64 A:/XAMPP/htdocs/insure-lk/vendor/laravel/framework/src/Illuminate/Foundation/Http/Kernel.php(145): Illuminate/Foundation/Http/Kernel->sendRequestThroughRouter(Object(Illuminate/Http/Request))
#65 A:/XAMPP/htdocs/insure-lk/vendor/laravel/framework/src/Illuminate/Foundation/Application.php(1220): Illuminate/Foundation/Http/Kernel->handle(Object(Illuminate/Http/Request))
#66 A:/XAMPP/htdocs/insure-lk/public/index.php(9): Illuminate/Foundation/Application->handleRequest(Object(Illuminate/Http/Request))
#67 {main}

[previous exception] [object] (Symfony\\Component\\Routing\\Exception\\RouteNotFoundException(code: 0): Route [numerators.create] not defined. at A:/XAMPP/htdocs/insure-lk/vendor/laravel/framework/src/Illuminate/Routing/UrlGenerator.php:517)
[stacktrace]
#0 A:/XAMPP/htdocs/insure-lk/vendor/laravel/framework/src/Illuminate/Foundation/helpers.php(853): Illuminate/Routing/UrlGenerator->route('numerators.crea...', Array, true)
#1 A:/XAMPP/htdocs/insure-lk/storage/framework/views/682034971eaa96fa220ed18d744b1f15.php(4): route('numerators.crea...')
#2 A:/XAMPP/htdocs/insure-lk/vendor/livewire/livewire/src/Mechanisms/ExtendBlade/ExtendedCompilerEngine.php(37): include('A://XAMPP//htdocs...')
#3 A:/XAMPP/htdocs/insure-lk/vendor/livewire/livewire/src/Mechanisms/ExtendBlade/ExtendedCompilerEngine.php(38): App/Livewire/Numerators/NumeratorIndex->Livewire/Mechanisms/ExtendBlade/{closure}()
#4 A:/XAMPP/htdocs/insure-lk/vendor/laravel/framework/src/Illuminate/View/Engines/CompilerEngine.php(75): Livewire/Mechanisms/ExtendBlade/ExtendedCompilerEngine->evaluatePath('A://XAMPP//htdocs...', Array)
#5 A:/XAMPP/htdocs/insure-lk/vendor/livewire/livewire/src/Mechanisms/ExtendBlade/ExtendedCompilerEngine.php(16): Illuminate/View/Engines/CompilerEngine->get('A://XAMPP//htdocs...', Array)
#6 A:/XAMPP/htdocs/insure-lk/vendor/laravel/framework/src/Illuminate/View/View.php(209): Livewire/Mechanisms/ExtendBlade/ExtendedCompilerEngine->get('A://XAMPP//htdocs...', Array)
#7 A:/XAMPP/htdocs/insure-lk/vendor/laravel/framework/src/Illuminate/View/View.php(192): Illuminate/View/View->getContents()
#8 A:/XAMPP/htdocs/insure-lk/vendor/laravel/framework/src/Illuminate/View/View.php(161): Illuminate/View/View->renderContents()
#9 A:/XAMPP/htdocs/insure-lk/vendor/livewire/livewire/src/Mechanisms/HandleComponents/HandleComponents.php(282): Illuminate/View/View->render(Object(Closure))
#10 A:/XAMPP/htdocs/insure-lk/vendor/livewire/livewire/src/Mechanisms/HandleComponents/HandleComponents.php(326): Livewire/Mechanisms/HandleComponents/HandleComponents->Livewire/Mechanisms/HandleComponents/{closure}()
#11 A:/XAMPP/htdocs/insure-lk/vendor/livewire/livewire/src/Mechanisms/HandleComponents/HandleComponents.php(274): Livewire/Mechanisms/HandleComponents/HandleComponents->trackInRenderStack(Object(App/Livewire/Numerators/NumeratorIndex), Object(Closure))
#12 A:/XAMPP/htdocs/insure-lk/vendor/livewire/livewire/src/Mechanisms/HandleComponents/HandleComponents.php(54): Livewire/Mechanisms/HandleComponents/HandleComponents->render(Object(App/Livewire/Numerators/NumeratorIndex), '<div></div>')
#13 A:/XAMPP/htdocs/insure-lk/vendor/livewire/livewire/src/LivewireManager.php(73): Livewire/Mechanisms/HandleComponents/HandleComponents->mount('App//Livewire//Nu...', Array, NULL)
#14 A:/XAMPP/htdocs/insure-lk/vendor/livewire/livewire/src/Features/SupportPageComponents/HandlesPageComponents.php(17): Livewire/LivewireManager->mount('App//Livewire//Nu...', Array)
#15 A:/XAMPP/htdocs/insure-lk/vendor/livewire/livewire/src/Features/SupportPageComponents/SupportPageComponents.php(117): Livewire/Component->Livewire/Features/SupportPageComponents/{closure}()
#16 A:/XAMPP/htdocs/insure-lk/vendor/livewire/livewire/src/Features/SupportPageComponents/HandlesPageComponents.php(14): Livewire/Features/SupportPageComponents/SupportPageComponents::interceptTheRenderOfTheComponentAndRetreiveTheLayoutConfiguration(Object(Closure))
#17 A:/XAMPP/htdocs/insure-lk/vendor/laravel/framework/src/Illuminate/Routing/ControllerDispatcher.php(47): Livewire/Component->__invoke()
#18 A:/XAMPP/htdocs/insure-lk/vendor/laravel/framework/src/Illuminate/Routing/Route.php(266): Illuminate/Routing/ControllerDispatcher->dispatch(Object(Illuminate/Routing/Route), Object(App/Livewire/Numerators/NumeratorIndex), '__invoke')
#19 A:/XAMPP/htdocs/insure-lk/vendor/laravel/framework/src/Illuminate/Routing/Route.php(212): Illuminate/Routing/Route->runController()
#20 A:/XAMPP/htdocs/insure-lk/vendor/laravel/framework/src/Illuminate/Routing/Router.php(808): Illuminate/Routing/Route->run()
#21 A:/XAMPP/htdocs/insure-lk/vendor/laravel/framework/src/Illuminate/Pipeline/Pipeline.php(170): Illuminate/Routing/Router->Illuminate/Routing/{closure}(Object(Illuminate/Http/Request))
#22 A:/XAMPP/htdocs/insure-lk/vendor/laravel/framework/src/Illuminate/Auth/Middleware/Authorize.php(60): Illuminate/Pipeline/Pipeline->Illuminate/Pipeline/{closure}(Object(Illuminate/Http/Request))
#23 A:/XAMPP/htdocs/insure-lk/vendor/laravel/framework/src/Illuminate/Pipeline/Pipeline.php(209): Illuminate/Auth/Middleware/Authorize->handle(Object(Illuminate/Http/Request), Object(Closure), 'numerators.view')
#24 A:/XAMPP/htdocs/insure-lk/vendor/laravel/framework/src/Illuminate/Routing/Middleware/SubstituteBindings.php(51): Illuminate/Pipeline/Pipeline->Illuminate/Pipeline/{closure}(Object(Illuminate/Http/Request))
#25 A:/XAMPP/htdocs/insure-lk/vendor/laravel/framework/src/Illuminate/Pipeline/Pipeline.php(209): Illuminate/Routing/Middleware/SubstituteBindings->handle(Object(Illuminate/Http/Request), Object(Closure))
#26 A:/XAMPP/htdocs/insure-lk/vendor/laravel/framework/src/Illuminate/Auth/Middleware/Authenticate.php(64): Illuminate/Pipeline/Pipeline->Illuminate/Pipeline/{closure}(Object(Illuminate/Http/Request))
#27 A:/XAMPP/htdocs/insure-lk/vendor/laravel/framework/src/Illuminate/Pipeline/Pipeline.php(209): Illuminate/Auth/Middleware/Authenticate->handle(Object(Illuminate/Http/Request), Object(Closure))
#28 A:/XAMPP/htdocs/insure-lk/vendor/laravel/framework/src/Illuminate/Foundation/Http/Middleware/VerifyCsrfToken.php(88): Illuminate/Pipeline/Pipeline->Illuminate/Pipeline/{closure}(Object(Illuminate/Http/Request))
#29 A:/XAMPP/htdocs/insure-lk/vendor/laravel/framework/src/Illuminate/Pipeline/Pipeline.php(209): Illuminate/Foundation/Http/Middleware/VerifyCsrfToken->handle(Object(Illuminate/Http/Request), Object(Closure))
#30 A:/XAMPP/htdocs/insure-lk/vendor/laravel/framework/src/Illuminate/View/Middleware/ShareErrorsFromSession.php(49): Illuminate/Pipeline/Pipeline->Illuminate/Pipeline/{closure}(Object(Illuminate/Http/Request))
#31 A:/XAMPP/htdocs/insure-lk/vendor/laravel/framework/src/Illuminate/Pipeline/Pipeline.php(209): Illuminate/View/Middleware/ShareErrorsFromSession->handle(Object(Illuminate/Http/Request), Object(Closure))
#32 A:/XAMPP/htdocs/insure-lk/vendor/laravel/framework/src/Illuminate/Session/Middleware/StartSession.php(121): Illuminate/Pipeline/Pipeline->Illuminate/Pipeline/{closure}(Object(Illuminate/Http/Request))
#33 A:/XAMPP/htdocs/insure-lk/vendor/laravel/framework/src/Illuminate/Session/Middleware/StartSession.php(64): Illuminate/Session/Middleware/StartSession->handleStatefulRequest(Object(Illuminate/Http/Request), Object(Illuminate/Session/Store), Object(Closure))
#34 A:/XAMPP/htdocs/insure-lk/vendor/laravel/framework/src/Illuminate/Pipeline/Pipeline.php(209): Illuminate/Session/Middleware/StartSession->handle(Object(Illuminate/Http/Request), Object(Closure))
#35 A:/XAMPP/htdocs/insure-lk/vendor/laravel/framework/src/Illuminate/Cookie/Middleware/AddQueuedCookiesToResponse.php(37): Illuminate/Pipeline/Pipeline->Illuminate/Pipeline/{closure}(Object(Illuminate/Http/Request))
#36 A:/XAMPP/htdocs/insure-lk/vendor/laravel/framework/src/Illuminate/Pipeline/Pipeline.php(209): Illuminate/Cookie/Middleware/AddQueuedCookiesToResponse->handle(Object(Illuminate/Http/Request), Object(Closure))
#37 A:/XAMPP/htdocs/insure-lk/vendor/laravel/framework/src/Illuminate/Cookie/Middleware/EncryptCookies.php(75): Illuminate/Pipeline/Pipeline->Illuminate/Pipeline/{closure}(Object(Illuminate/Http/Request))
#38 A:/XAMPP/htdocs/insure-lk/vendor/laravel/framework/src/Illuminate/Pipeline/Pipeline.php(209): Illuminate/Cookie/Middleware/EncryptCookies->handle(Object(Illuminate/Http/Request), Object(Closure))
#39 A:/XAMPP/htdocs/insure-lk/vendor/laravel/framework/src/Illuminate/Pipeline/Pipeline.php(127): Illuminate/Pipeline/Pipeline->Illuminate/Pipeline/{closure}(Object(Illuminate/Http/Request))
#40 A:/XAMPP/htdocs/insure-lk/vendor/laravel/framework/src/Illuminate/Routing/Router.php(807): Illuminate/Pipeline/Pipeline->then(Object(Closure))
#41 A:/XAMPP/htdocs/insure-lk/vendor/laravel/framework/src/Illuminate/Routing/Router.php(786): Illuminate/Routing/Router->runRouteWithinStack(Object(Illuminate/Routing/Route), Object(Illuminate/Http/Request))
#42 A:/XAMPP/htdocs/insure-lk/vendor/laravel/framework/src/Illuminate/Routing/Router.php(750): Illuminate/Routing/Router->runRoute(Object(Illuminate/Http/Request), Object(Illuminate/Routing/Route))
#43 A:/XAMPP/htdocs/insure-lk/vendor/laravel/framework/src/Illuminate/Routing/Router.php(739): Illuminate/Routing/Router->dispatchToRoute(Object(Illuminate/Http/Request))
#44 A:/XAMPP/htdocs/insure-lk/vendor/laravel/framework/src/Illuminate/Foundation/Http/Kernel.php(201): Illuminate/Routing/Router->dispatch(Object(Illuminate/Http/Request))
#45 A:/XAMPP/htdocs/insure-lk/vendor/laravel/framework/src/Illuminate/Pipeline/Pipeline.php(170): Illuminate/Foundation/Http/Kernel->Illuminate/Foundation/Http/{closure}(Object(Illuminate/Http/Request))
#46 A:/XAMPP/htdocs/insure-lk/vendor/livewire/livewire/src/Features/SupportDisablingBackButtonCache/DisableBackButtonCacheMiddleware.php(19): Illuminate/Pipeline/Pipeline->Illuminate/Pipeline/{closure}(Object(Illuminate/Http/Request))
#47 A:/XAMPP/htdocs/insure-lk/vendor/laravel/framework/src/Illuminate/Pipeline/Pipeline.php(209): Livewire/Features/SupportDisablingBackButtonCache/DisableBackButtonCacheMiddleware->handle(Object(Illuminate/Http/Request), Object(Closure))
#48 A:/XAMPP/htdocs/insure-lk/vendor/laravel/framework/src/Illuminate/Foundation/Http/Middleware/TransformsRequest.php(21): Illuminate/Pipeline/Pipeline->Illuminate/Pipeline/{closure}(Object(Illuminate/Http/Request))
#49 A:/XAMPP/htdocs/insure-lk/vendor/laravel/framework/src/Illuminate/Foundation/Http/Middleware/ConvertEmptyStringsToNull.php(31): Illuminate/Foundation/Http/Middleware/TransformsRequest->handle(Object(Illuminate/Http/Request), Object(Closure))
#50 A:/XAMPP/htdocs/insure-lk/vendor/laravel/framework/src/Illuminate/Pipeline/Pipeline.php(209): Illuminate/Foundation/Http/Middleware/ConvertEmptyStringsToNull->handle(Object(Illuminate/Http/Request), Object(Closure))
#51 A:/XAMPP/htdocs/insure-lk/vendor/laravel/framework/src/Illuminate/Foundation/Http/Middleware/TransformsRequest.php(21): Illuminate/Pipeline/Pipeline->Illuminate/Pipeline/{closure}(Object(Illuminate/Http/Request))
#52 A:/XAMPP/htdocs/insure-lk/vendor/laravel/framework/src/Illuminate/Foundation/Http/Middleware/TrimStrings.php(51): Illuminate/Foundation/Http/Middleware/TransformsRequest->handle(Object(Illuminate/Http/Request), Object(Closure))
#53 A:/XAMPP/htdocs/insure-lk/vendor/laravel/framework/src/Illuminate/Pipeline/Pipeline.php(209): Illuminate/Foundation/Http/Middleware/TrimStrings->handle(Object(Illuminate/Http/Request), Object(Closure))
#54 A:/XAMPP/htdocs/insure-lk/vendor/laravel/framework/src/Illuminate/Http/Middleware/ValidatePostSize.php(27): Illuminate/Pipeline/Pipeline->Illuminate/Pipeline/{closure}(Object(Illuminate/Http/Request))
#55 A:/XAMPP/htdocs/insure-lk/vendor/laravel/framework/src/Illuminate/Pipeline/Pipeline.php(209): Illuminate/Http/Middleware/ValidatePostSize->handle(Object(Illuminate/Http/Request), Object(Closure))
#56 A:/XAMPP/htdocs/insure-lk/vendor/laravel/framework/src/Illuminate/Foundation/Http/Middleware/PreventRequestsDuringMaintenance.php(110): Illuminate/Pipeline/Pipeline->Illuminate/Pipeline/{closure}(Object(Illuminate/Http/Request))
#57 A:/XAMPP/htdocs/insure-lk/vendor/laravel/framework/src/Illuminate/Pipeline/Pipeline.php(209): Illuminate/Foundation/Http/Middleware/PreventRequestsDuringMaintenance->handle(Object(Illuminate/Http/Request), Object(Closure))
#58 A:/XAMPP/htdocs/insure-lk/vendor/laravel/framework/src/Illuminate/Http/Middleware/HandleCors.php(49): Illuminate/Pipeline/Pipeline->Illuminate/Pipeline/{closure}(Object(Illuminate/Http/Request))
#59 A:/XAMPP/htdocs/insure-lk/vendor/laravel/framework/src/Illuminate/Pipeline/Pipeline.php(209): Illuminate/Http/Middleware/HandleCors->handle(Object(Illuminate/Http/Request), Object(Closure))
#60 A:/XAMPP/htdocs/insure-lk/vendor/laravel/framework/src/Illuminate/Http/Middleware/TrustProxies.php(58): Illuminate/Pipeline/Pipeline->Illuminate/Pipeline/{closure}(Object(Illuminate/Http/Request))
#61 A:/XAMPP/htdocs/insure-lk/vendor/laravel/framework/src/Illuminate/Pipeline/Pipeline.php(209): Illuminate/Http/Middleware/TrustProxies->handle(Object(Illuminate/Http/Request), Object(Closure))
#62 A:/XAMPP/htdocs/insure-lk/vendor/laravel/framework/src/Illuminate/Foundation/Http/Middleware/InvokeDeferredCallbacks.php(22): Illuminate/Pipeline/Pipeline->Illuminate/Pipeline/{closure}(Object(Illuminate/Http/Request))
#63 A:/XAMPP/htdocs/insure-lk/vendor/laravel/framework/src/Illuminate/Pipeline/Pipeline.php(209): Illuminate/Foundation/Http/Middleware/InvokeDeferredCallbacks->handle(Object(Illuminate/Http/Request), Object(Closure))
#64 A:/XAMPP/htdocs/insure-lk/vendor/laravel/framework/src/Illuminate/Pipeline/Pipeline.php(127): Illuminate/Pipeline/Pipeline->Illuminate/Pipeline/{closure}(Object(Illuminate/Http/Request))
#65 A:/XAMPP/htdocs/insure-lk/vendor/laravel/framework/src/Illuminate/Foundation/Http/Kernel.php(176): Illuminate/Pipeline/Pipeline->then(Object(Closure))
#66 A:/XAMPP/htdocs/insure-lk/vendor/laravel/framework/src/Illuminate/Foundation/Http/Kernel.php(145): Illuminate/Foundation/Http/Kernel->sendRequestThroughRouter(Object(Illuminate/Http/Request))
#67 A:/XAMPP/htdocs/insure-lk/vendor/laravel/framework/src/Illuminate/Foundation/Application.php(1220): Illuminate/Foundation/Http/Kernel->handle(Object(Illuminate/Http/Request))
#68 A:/XAMPP/htdocs/insure-lk/public/index.php(9): Illuminate/Foundation/Application->handleRequest(Object(Illuminate/Http/Request))
#69 {main}
"} 
[2026-06-29 02:09:25] local.ERROR: Invalid route action: [App\Livewire\Dictionaries\DictionaryForm]. {"exception":"[object] (UnexpectedValueException(code: 0): Invalid route action: [App\\Livewire\\Dictionaries\\DictionaryForm]. at A:/XAMPP/htdocs/insure-lk/vendor/laravel/framework/src/Illuminate/Routing/RouteAction.php:92)
[stacktrace]
#0 A:/XAMPP/htdocs/insure-lk/vendor/laravel/framework/src/Illuminate/Routing/RouteAction.php(47): Illuminate/Routing/RouteAction::makeInvokable('App//Livewire//Di...')
#1 A:/XAMPP/htdocs/insure-lk/vendor/laravel/framework/src/Illuminate/Routing/Route.php(198): Illuminate/Routing/RouteAction::parse('dictionaries/cr...', Array)
#2 A:/XAMPP/htdocs/insure-lk/vendor/laravel/framework/src/Illuminate/Routing/Route.php(179): Illuminate/Routing/Route->parseAction(Array)
#3 A:/XAMPP/htdocs/insure-lk/vendor/laravel/framework/src/Illuminate/Routing/Router.php(671): Illuminate/Routing/Route->__construct(Array, 'dictionaries/cr...', Array)
#4 A:/XAMPP/htdocs/insure-lk/vendor/laravel/framework/src/Illuminate/Routing/Router.php(563): Illuminate/Routing/Router->newRoute(Array, 'dictionaries/cr...', Array)
#5 A:/XAMPP/htdocs/insure-lk/vendor/laravel/framework/src/Illuminate/Routing/Router.php(543): Illuminate/Routing/Router->createRoute(Array, '/dictionaries/c...', Array)
#6 A:/XAMPP/htdocs/insure-lk/vendor/laravel/framework/src/Illuminate/Routing/Router.php(161): Illuminate/Routing/Router->addRoute(Array, '/dictionaries/c...', 'App//Livewire//Di...')
#7 A:/XAMPP/htdocs/insure-lk/vendor/laravel/framework/src/Illuminate/Support/Facades/Facade.php(361): Illuminate/Routing/Router->get('/dictionaries/c...', 'App//Livewire//Di...')
#8 A:/XAMPP/htdocs/insure-lk/routes/web.php(53): Illuminate/Support/Facades/Facade::__callStatic('get', Array)
#9 A:/XAMPP/htdocs/insure-lk/vendor/laravel/framework/src/Illuminate/Routing/Router.php(511): Illuminate/Routing/RouteFileRegistrar->{closure}(Object(Illuminate/Routing/Router))
#10 A:/XAMPP/htdocs/insure-lk/vendor/laravel/framework/src/Illuminate/Routing/Router.php(467): Illuminate/Routing/Router->loadRoutes(Object(Closure))
#11 A:/XAMPP/htdocs/insure-lk/vendor/laravel/framework/src/Illuminate/Routing/RouteRegistrar.php(207): Illuminate/Routing/Router->group(Array, Object(Closure))
#12 A:/XAMPP/htdocs/insure-lk/routes/web.php(51): Illuminate/Routing/RouteRegistrar->group(Object(Closure))
#13 A:/XAMPP/htdocs/insure-lk/vendor/laravel/framework/src/Illuminate/Routing/Router.php(511): Illuminate/Routing/RouteFileRegistrar->{closure}(Object(Illuminate/Routing/Router))
#14 A:/XAMPP/htdocs/insure-lk/vendor/laravel/framework/src/Illuminate/Routing/Router.php(467): Illuminate/Routing/Router->loadRoutes(Object(Closure))
#15 A:/XAMPP/htdocs/insure-lk/vendor/laravel/framework/src/Illuminate/Routing/RouteRegistrar.php(207): Illuminate/Routing/Router->group(Array, Object(Closure))
#16 A:/XAMPP/htdocs/insure-lk/routes/web.php(21): Illuminate/Routing/RouteRegistrar->group(Object(Closure))
#17 A:/XAMPP/htdocs/insure-lk/vendor/laravel/framework/src/Illuminate/Routing/RouteFileRegistrar.php(35): require('A://XAMPP//htdocs...')
#18 A:/XAMPP/htdocs/insure-lk/vendor/laravel/framework/src/Illuminate/Routing/Router.php(513): Illuminate/Routing/RouteFileRegistrar->register('A://XAMPP//htdocs...')
#19 A:/XAMPP/htdocs/insure-lk/vendor/laravel/framework/src/Illuminate/Routing/Router.php(467): Illuminate/Routing/Router->loadRoutes('A://XAMPP//htdocs...')
#20 A:/XAMPP/htdocs/insure-lk/vendor/laravel/framework/src/Illuminate/Routing/RouteRegistrar.php(207): Illuminate/Routing/Router->group(Array, 'A://XAMPP//htdocs...')
#21 A:/XAMPP/htdocs/insure-lk/vendor/laravel/framework/src/Illuminate/Foundation/Configuration/ApplicationBuilder.php(248): Illuminate/Routing/RouteRegistrar->group('A://XAMPP//htdocs...')
#22 A:/XAMPP/htdocs/insure-lk/vendor/laravel/framework/src/Illuminate/Container/BoundMethod.php(36): Illuminate/Foundation/Configuration/ApplicationBuilder->Illuminate/Foundation/Configuration/{closure}()
#23 A:/XAMPP/htdocs/insure-lk/vendor/laravel/framework/src/Illuminate/Container/Util.php(43): Illuminate/Container/BoundMethod::Illuminate/Container/{closure}()
#24 A:/XAMPP/htdocs/insure-lk/vendor/laravel/framework/src/Illuminate/Container/BoundMethod.php(83): Illuminate/Container/Util::unwrapIfClosure(Object(Closure))
#25 A:/XAMPP/htdocs/insure-lk/vendor/laravel/framework/src/Illuminate/Container/BoundMethod.php(35): Illuminate/Container/BoundMethod::callBoundMethod(Object(Illuminate/Foundation/Application), Object(Closure), Object(Closure))
#26 A:/XAMPP/htdocs/insure-lk/vendor/laravel/framework/src/Illuminate/Container/Container.php(696): Illuminate/Container/BoundMethod::call(Object(Illuminate/Foundation/Application), Object(Closure), Array, NULL)
#27 A:/XAMPP/htdocs/insure-lk/vendor/laravel/framework/src/Illuminate/Foundation/Support/Providers/RouteServiceProvider.php(162): Illuminate/Container/Container->call(Object(Closure))
#28 A:/XAMPP/htdocs/insure-lk/vendor/laravel/framework/src/Illuminate/Foundation/Support/Providers/RouteServiceProvider.php(59): Illuminate/Foundation/Support/Providers/RouteServiceProvider->loadRoutes()
#29 A:/XAMPP/htdocs/insure-lk/vendor/laravel/framework/src/Illuminate/Container/BoundMethod.php(36): Illuminate/Foundation/Support/Providers/RouteServiceProvider->Illuminate/Foundation/Support/Providers/{closure}()
#30 A:/XAMPP/htdocs/insure-lk/vendor/laravel/framework/src/Illuminate/Container/Util.php(43): Illuminate/Container/BoundMethod::Illuminate/Container/{closure}()
#31 A:/XAMPP/htdocs/insure-lk/vendor/laravel/framework/src/Illuminate/Container/BoundMethod.php(83): Illuminate/Container/Util::unwrapIfClosure(Object(Closure))
#32 A:/XAMPP/htdocs/insure-lk/vendor/laravel/framework/src/Illuminate/Container/BoundMethod.php(35): Illuminate/Container/BoundMethod::callBoundMethod(Object(Illuminate/Foundation/Application), Object(Closure), Object(Closure))
#33 A:/XAMPP/htdocs/insure-lk/vendor/laravel/framework/src/Illuminate/Container/Container.php(696): Illuminate/Container/BoundMethod::call(Object(Illuminate/Foundation/Application), Object(Closure), Array, NULL)
#34 A:/XAMPP/htdocs/insure-lk/vendor/laravel/framework/src/Illuminate/Support/ServiceProvider.php(144): Illuminate/Container/Container->call(Object(Closure))
#35 A:/XAMPP/htdocs/insure-lk/vendor/laravel/framework/src/Illuminate/Foundation/Application.php(1154): Illuminate/Support/ServiceProvider->callBootedCallbacks()
#36 A:/XAMPP/htdocs/insure-lk/vendor/laravel/framework/src/Illuminate/Foundation/Application.php(1132): Illuminate/Foundation/Application->bootProvider(Object(Illuminate/Foundation/Support/Providers/RouteServiceProvider))
#37 [internal function]: Illuminate/Foundation/Application->Illuminate/Foundation/{closure}(Object(Illuminate/Foundation/Support/Providers/RouteServiceProvider), 'Illuminate//Foun...')
#38 A:/XAMPP/htdocs/insure-lk/vendor/laravel/framework/src/Illuminate/Foundation/Application.php(1131): array_walk(Array, Object(Closure))
#39 A:/XAMPP/htdocs/insure-lk/vendor/laravel/framework/src/Illuminate/Foundation/Bootstrap/BootProviders.php(17): Illuminate/Foundation/Application->boot()
#40 A:/XAMPP/htdocs/insure-lk/vendor/laravel/framework/src/Illuminate/Foundation/Application.php(342): Illuminate/Foundation/Bootstrap/BootProviders->bootstrap(Object(Illuminate/Foundation/Application))
#41 A:/XAMPP/htdocs/insure-lk/vendor/laravel/framework/src/Illuminate/Foundation/Console/Kernel.php(474): Illuminate/Foundation/Application->bootstrapWith(Array)
#42 A:/XAMPP/htdocs/insure-lk/vendor/laravel/framework/src/Illuminate/Foundation/Console/Kernel.php(196): Illuminate/Foundation/Console/Kernel->bootstrap()
#43 A:/XAMPP/htdocs/insure-lk/vendor/laravel/framework/src/Illuminate/Foundation/Application.php(1235): Illuminate/Foundation/Console/Kernel->handle(Object(Symfony/Component/Console/Input/ArgvInput), Object(Symfony/Component/Console/Output/ConsoleOutput))
#44 A:/XAMPP/htdocs/insure-lk/artisan(16): Illuminate/Foundation/Application->handleCommand(Object(Symfony/Component/Console/Input/ArgvInput))
#45 {main}
"} 
[2026-06-29 02:09:32] local.ERROR: Invalid route action: [App\Livewire\Dictionaries\DictionaryForm]. {"exception":"[object] (UnexpectedValueException(code: 0): Invalid route action: [App\\Livewire\\Dictionaries\\DictionaryForm]. at A:/XAMPP/htdocs/insure-lk/vendor/laravel/framework/src/Illuminate/Routing/RouteAction.php:92)
[stacktrace]
#0 A:/XAMPP/htdocs/insure-lk/vendor/laravel/framework/src/Illuminate/Routing/RouteAction.php(47): Illuminate/Routing/RouteAction::makeInvokable('App//Livewire//Di...')
#1 A:/XAMPP/htdocs/insure-lk/vendor/laravel/framework/src/Illuminate/Routing/Route.php(198): Illuminate/Routing/RouteAction::parse('dictionaries/cr...', Array)
#2 A:/XAMPP/htdocs/insure-lk/vendor/laravel/framework/src/Illuminate/Routing/Route.php(179): Illuminate/Routing/Route->parseAction(Array)
#3 A:/XAMPP/htdocs/insure-lk/vendor/laravel/framework/src/Illuminate/Routing/Router.php(671): Illuminate/Routing/Route->__construct(Array, 'dictionaries/cr...', Array)
#4 A:/XAMPP/htdocs/insure-lk/vendor/laravel/framework/src/Illuminate/Routing/Router.php(563): Illuminate/Routing/Router->newRoute(Array, 'dictionaries/cr...', Array)
#5 A:/XAMPP/htdocs/insure-lk/vendor/laravel/framework/src/Illuminate/Routing/Router.php(543): Illuminate/Routing/Router->createRoute(Array, '/dictionaries/c...', Array)
#6 A:/XAMPP/htdocs/insure-lk/vendor/laravel/framework/src/Illuminate/Routing/Router.php(161): Illuminate/Routing/Router->addRoute(Array, '/dictionaries/c...', 'App//Livewire//Di...')
#7 A:/XAMPP/htdocs/insure-lk/vendor/laravel/framework/src/Illuminate/Support/Facades/Facade.php(361): Illuminate/Routing/Router->get('/dictionaries/c...', 'App//Livewire//Di...')
#8 A:/XAMPP/htdocs/insure-lk/routes/web.php(53): Illuminate/Support/Facades/Facade::__callStatic('get', Array)
#9 A:/XAMPP/htdocs/insure-lk/vendor/laravel/framework/src/Illuminate/Routing/Router.php(511): Illuminate/Routing/RouteFileRegistrar->{closure}(Object(Illuminate/Routing/Router))
#10 A:/XAMPP/htdocs/insure-lk/vendor/laravel/framework/src/Illuminate/Routing/Router.php(467): Illuminate/Routing/Router->loadRoutes(Object(Closure))
#11 A:/XAMPP/htdocs/insure-lk/vendor/laravel/framework/src/Illuminate/Routing/RouteRegistrar.php(207): Illuminate/Routing/Router->group(Array, Object(Closure))
#12 A:/XAMPP/htdocs/insure-lk/routes/web.php(51): Illuminate/Routing/RouteRegistrar->group(Object(Closure))
#13 A:/XAMPP/htdocs/insure-lk/vendor/laravel/framework/src/Illuminate/Routing/Router.php(511): Illuminate/Routing/RouteFileRegistrar->{closure}(Object(Illuminate/Routing/Router))
#14 A:/XAMPP/htdocs/insure-lk/vendor/laravel/framework/src/Illuminate/Routing/Router.php(467): Illuminate/Routing/Router->loadRoutes(Object(Closure))
#15 A:/XAMPP/htdocs/insure-lk/vendor/laravel/framework/src/Illuminate/Routing/RouteRegistrar.php(207): Illuminate/Routing/Router->group(Array, Object(Closure))
#16 A:/XAMPP/htdocs/insure-lk/routes/web.php(21): Illuminate/Routing/RouteRegistrar->group(Object(Closure))
#17 A:/XAMPP/htdocs/insure-lk/vendor/laravel/framework/src/Illuminate/Routing/RouteFileRegistrar.php(35): require('A://XAMPP//htdocs...')
#18 A:/XAMPP/htdocs/insure-lk/vendor/laravel/framework/src/Illuminate/Routing/Router.php(513): Illuminate/Routing/RouteFileRegistrar->register('A://XAMPP//htdocs...')
#19 A:/XAMPP/htdocs/insure-lk/vendor/laravel/framework/src/Illuminate/Routing/Router.php(467): Illuminate/Routing/Router->loadRoutes('A://XAMPP//htdocs...')
#20 A:/XAMPP/htdocs/insure-lk/vendor/laravel/framework/src/Illuminate/Routing/RouteRegistrar.php(207): Illuminate/Routing/Router->group(Array, 'A://XAMPP//htdocs...')
#21 A:/XAMPP/htdocs/insure-lk/vendor/laravel/framework/src/Illuminate/Foundation/Configuration/ApplicationBuilder.php(248): Illuminate/Routing/RouteRegistrar->group('A://XAMPP//htdocs...')
#22 A:/XAMPP/htdocs/insure-lk/vendor/laravel/framework/src/Illuminate/Container/BoundMethod.php(36): Illuminate/Foundation/Configuration/ApplicationBuilder->Illuminate/Foundation/Configuration/{closure}()
#23 A:/XAMPP/htdocs/insure-lk/vendor/laravel/framework/src/Illuminate/Container/Util.php(43): Illuminate/Container/BoundMethod::Illuminate/Container/{closure}()
#24 A:/XAMPP/htdocs/insure-lk/vendor/laravel/framework/src/Illuminate/Container/BoundMethod.php(83): Illuminate/Container/Util::unwrapIfClosure(Object(Closure))
#25 A:/XAMPP/htdocs/insure-lk/vendor/laravel/framework/src/Illuminate/Container/BoundMethod.php(35): Illuminate/Container/BoundMethod::callBoundMethod(Object(Illuminate/Foundation/Application), Object(Closure), Object(Closure))
#26 A:/XAMPP/htdocs/insure-lk/vendor/laravel/framework/src/Illuminate/Container/Container.php(696): Illuminate/Container/BoundMethod::call(Object(Illuminate/Foundation/Application), Object(Closure), Array, NULL)
#27 A:/XAMPP/htdocs/insure-lk/vendor/laravel/framework/src/Illuminate/Foundation/Support/Providers/RouteServiceProvider.php(162): Illuminate/Container/Container->call(Object(Closure))
#28 A:/XAMPP/htdocs/insure-lk/vendor/laravel/framework/src/Illuminate/Foundation/Support/Providers/RouteServiceProvider.php(59): Illuminate/Foundation/Support/Providers/RouteServiceProvider->loadRoutes()
#29 A:/XAMPP/htdocs/insure-lk/vendor/laravel/framework/src/Illuminate/Container/BoundMethod.php(36): Illuminate/Foundation/Support/Providers/RouteServiceProvider->Illuminate/Foundation/Support/Providers/{closure}()
#30 A:/XAMPP/htdocs/insure-lk/vendor/laravel/framework/src/Illuminate/Container/Util.php(43): Illuminate/Container/BoundMethod::Illuminate/Container/{closure}()
#31 A:/XAMPP/htdocs/insure-lk/vendor/laravel/framework/src/Illuminate/Container/BoundMethod.php(83): Illuminate/Container/Util::unwrapIfClosure(Object(Closure))
#32 A:/XAMPP/htdocs/insure-lk/vendor/laravel/framework/src/Illuminate/Container/BoundMethod.php(35): Illuminate/Container/BoundMethod::callBoundMethod(Object(Illuminate/Foundation/Application), Object(Closure), Object(Closure))
#33 A:/XAMPP/htdocs/insure-lk/vendor/laravel/framework/src/Illuminate/Container/Container.php(696): Illuminate/Container/BoundMethod::call(Object(Illuminate/Foundation/Application), Object(Closure), Array, NULL)
#34 A:/XAMPP/htdocs/insure-lk/vendor/laravel/framework/src/Illuminate/Support/ServiceProvider.php(144): Illuminate/Container/Container->call(Object(Closure))
#35 A:/XAMPP/htdocs/insure-lk/vendor/laravel/framework/src/Illuminate/Foundation/Application.php(1154): Illuminate/Support/ServiceProvider->callBootedCallbacks()
#36 A:/XAMPP/htdocs/insure-lk/vendor/laravel/framework/src/Illuminate/Foundation/Application.php(1132): Illuminate/Foundation/Application->bootProvider(Object(Illuminate/Foundation/Support/Providers/RouteServiceProvider))
#37 [internal function]: Illuminate/Foundation/Application->Illuminate/Foundation/{closure}(Object(Illuminate/Foundation/Support/Providers/RouteServiceProvider), 'Illuminate//Foun...')
#38 A:/XAMPP/htdocs/insure-lk/vendor/laravel/framework/src/Illuminate/Foundation/Application.php(1131): array_walk(Array, Object(Closure))
#39 A:/XAMPP/htdocs/insure-lk/vendor/laravel/framework/src/Illuminate/Foundation/Bootstrap/BootProviders.php(17): Illuminate/Foundation/Application->boot()
#40 A:/XAMPP/htdocs/insure-lk/vendor/laravel/framework/src/Illuminate/Foundation/Application.php(342): Illuminate/Foundation/Bootstrap/BootProviders->bootstrap(Object(Illuminate/Foundation/Application))
#41 A:/XAMPP/htdocs/insure-lk/vendor/laravel/framework/src/Illuminate/Foundation/Console/Kernel.php(474): Illuminate/Foundation/Application->bootstrapWith(Array)
#42 A:/XAMPP/htdocs/insure-lk/vendor/laravel/framework/src/Illuminate/Foundation/Console/Kernel.php(196): Illuminate/Foundation/Console/Kernel->bootstrap()
#43 A:/XAMPP/htdocs/insure-lk/vendor/laravel/framework/src/Illuminate/Foundation/Application.php(1235): Illuminate/Foundation/Console/Kernel->handle(Object(Symfony/Component/Console/Input/ArgvInput), Object(Symfony/Component/Console/Output/ConsoleOutput))
#44 A:/XAMPP/htdocs/insure-lk/artisan(16): Illuminate/Foundation/Application->handleCommand(Object(Symfony/Component/Console/Input/ArgvInput))
#45 {main}
"} 
[2026-06-29 02:10:23] local.ERROR: Invalid route action: [App\Livewire\Dictionaries\DictionaryForm]. {"exception":"[object] (UnexpectedValueException(code: 0): Invalid route action: [App\\Livewire\\Dictionaries\\DictionaryForm]. at A:/XAMPP/htdocs/insure-lk/vendor/laravel/framework/src/Illuminate/Routing/RouteAction.php:92)
[stacktrace]
#0 A:/XAMPP/htdocs/insure-lk/vendor/laravel/framework/src/Illuminate/Routing/RouteAction.php(47): Illuminate/Routing/RouteAction::makeInvokable('App//Livewire//Di...')
#1 A:/XAMPP/htdocs/insure-lk/vendor/laravel/framework/src/Illuminate/Routing/Route.php(198): Illuminate/Routing/RouteAction::parse('dictionaries/cr...', Array)
#2 A:/XAMPP/htdocs/insure-lk/vendor/laravel/framework/src/Illuminate/Routing/Route.php(179): Illuminate/Routing/Route->parseAction(Array)
#3 A:/XAMPP/htdocs/insure-lk/vendor/laravel/framework/src/Illuminate/Routing/Router.php(671): Illuminate/Routing/Route->__construct(Array, 'dictionaries/cr...', Array)
#4 A:/XAMPP/htdocs/insure-lk/vendor/laravel/framework/src/Illuminate/Routing/Router.php(563): Illuminate/Routing/Router->newRoute(Array, 'dictionaries/cr...', Array)
#5 A:/XAMPP/htdocs/insure-lk/vendor/laravel/framework/src/Illuminate/Routing/Router.php(543): Illuminate/Routing/Router->createRoute(Array, '/dictionaries/c...', Array)
#6 A:/XAMPP/htdocs/insure-lk/vendor/laravel/framework/src/Illuminate/Routing/Router.php(161): Illuminate/Routing/Router->addRoute(Array, '/dictionaries/c...', 'App//Livewire//Di...')
#7 A:/XAMPP/htdocs/insure-lk/vendor/laravel/framework/src/Illuminate/Support/Facades/Facade.php(361): Illuminate/Routing/Router->get('/dictionaries/c...', 'App//Livewire//Di...')
#8 A:/XAMPP/htdocs/insure-lk/routes/web.php(53): Illuminate/Support/Facades/Facade::__callStatic('get', Array)
#9 A:/XAMPP/htdocs/insure-lk/vendor/laravel/framework/src/Illuminate/Routing/Router.php(511): Illuminate/Routing/RouteFileRegistrar->{closure}(Object(Illuminate/Routing/Router))
#10 A:/XAMPP/htdocs/insure-lk/vendor/laravel/framework/src/Illuminate/Routing/Router.php(467): Illuminate/Routing/Router->loadRoutes(Object(Closure))
#11 A:/XAMPP/htdocs/insure-lk/vendor/laravel/framework/src/Illuminate/Routing/RouteRegistrar.php(207): Illuminate/Routing/Router->group(Array, Object(Closure))
#12 A:/XAMPP/htdocs/insure-lk/routes/web.php(51): Illuminate/Routing/RouteRegistrar->group(Object(Closure))
#13 A:/XAMPP/htdocs/insure-lk/vendor/laravel/framework/src/Illuminate/Routing/Router.php(511): Illuminate/Routing/RouteFileRegistrar->{closure}(Object(Illuminate/Routing/Router))
#14 A:/XAMPP/htdocs/insure-lk/vendor/laravel/framework/src/Illuminate/Routing/Router.php(467): Illuminate/Routing/Router->loadRoutes(Object(Closure))
#15 A:/XAMPP/htdocs/insure-lk/vendor/laravel/framework/src/Illuminate/Routing/RouteRegistrar.php(207): Illuminate/Routing/Router->group(Array, Object(Closure))
#16 A:/XAMPP/htdocs/insure-lk/routes/web.php(21): Illuminate/Routing/RouteRegistrar->group(Object(Closure))
#17 A:/XAMPP/htdocs/insure-lk/vendor/laravel/framework/src/Illuminate/Routing/RouteFileRegistrar.php(35): require('A://XAMPP//htdocs...')
#18 A:/XAMPP/htdocs/insure-lk/vendor/laravel/framework/src/Illuminate/Routing/Router.php(513): Illuminate/Routing/RouteFileRegistrar->register('A://XAMPP//htdocs...')
#19 A:/XAMPP/htdocs/insure-lk/vendor/laravel/framework/src/Illuminate/Routing/Router.php(467): Illuminate/Routing/Router->loadRoutes('A://XAMPP//htdocs...')
#20 A:/XAMPP/htdocs/insure-lk/vendor/laravel/framework/src/Illuminate/Routing/RouteRegistrar.php(207): Illuminate/Routing/Router->group(Array, 'A://XAMPP//htdocs...')
#21 A:/XAMPP/htdocs/insure-lk/vendor/laravel/framework/src/Illuminate/Foundation/Configuration/ApplicationBuilder.php(248): Illuminate/Routing/RouteRegistrar->group('A://XAMPP//htdocs...')
#22 A:/XAMPP/htdocs/insure-lk/vendor/laravel/framework/src/Illuminate/Container/BoundMethod.php(36): Illuminate/Foundation/Configuration/ApplicationBuilder->Illuminate/Foundation/Configuration/{closure}()
#23 A:/XAMPP/htdocs/insure-lk/vendor/laravel/framework/src/Illuminate/Container/Util.php(43): Illuminate/Container/BoundMethod::Illuminate/Container/{closure}()
#24 A:/XAMPP/htdocs/insure-lk/vendor/laravel/framework/src/Illuminate/Container/BoundMethod.php(83): Illuminate/Container/Util::unwrapIfClosure(Object(Closure))
#25 A:/XAMPP/htdocs/insure-lk/vendor/laravel/framework/src/Illuminate/Container/BoundMethod.php(35): Illuminate/Container/BoundMethod::callBoundMethod(Object(Illuminate/Foundation/Application), Object(Closure), Object(Closure))
#26 A:/XAMPP/htdocs/insure-lk/vendor/laravel/framework/src/Illuminate/Container/Container.php(696): Illuminate/Container/BoundMethod::call(Object(Illuminate/Foundation/Application), Object(Closure), Array, NULL)
#27 A:/XAMPP/htdocs/insure-lk/vendor/laravel/framework/src/Illuminate/Foundation/Support/Providers/RouteServiceProvider.php(162): Illuminate/Container/Container->call(Object(Closure))
#28 A:/XAMPP/htdocs/insure-lk/vendor/laravel/framework/src/Illuminate/Foundation/Support/Providers/RouteServiceProvider.php(59): Illuminate/Foundation/Support/Providers/RouteServiceProvider->loadRoutes()
#29 A:/XAMPP/htdocs/insure-lk/vendor/laravel/framework/src/Illuminate/Container/BoundMethod.php(36): Illuminate/Foundation/Support/Providers/RouteServiceProvider->Illuminate/Foundation/Support/Providers/{closure}()
#30 A:/XAMPP/htdocs/insure-lk/vendor/laravel/framework/src/Illuminate/Container/Util.php(43): Illuminate/Container/BoundMethod::Illuminate/Container/{closure}()
#31 A:/XAMPP/htdocs/insure-lk/vendor/laravel/framework/src/Illuminate/Container/BoundMethod.php(83): Illuminate/Container/Util::unwrapIfClosure(Object(Closure))
#32 A:/XAMPP/htdocs/insure-lk/vendor/laravel/framework/src/Illuminate/Container/BoundMethod.php(35): Illuminate/Container/BoundMethod::callBoundMethod(Object(Illuminate/Foundation/Application), Object(Closure), Object(Closure))
#33 A:/XAMPP/htdocs/insure-lk/vendor/laravel/framework/src/Illuminate/Container/Container.php(696): Illuminate/Container/BoundMethod::call(Object(Illuminate/Foundation/Application), Object(Closure), Array, NULL)
#34 A:/XAMPP/htdocs/insure-lk/vendor/laravel/framework/src/Illuminate/Support/ServiceProvider.php(144): Illuminate/Container/Container->call(Object(Closure))
#35 A:/XAMPP/htdocs/insure-lk/vendor/laravel/framework/src/Illuminate/Foundation/Application.php(1154): Illuminate/Support/ServiceProvider->callBootedCallbacks()
#36 A:/XAMPP/htdocs/insure-lk/vendor/laravel/framework/src/Illuminate/Foundation/Application.php(1132): Illuminate/Foundation/Application->bootProvider(Object(Illuminate/Foundation/Support/Providers/RouteServiceProvider))
#37 [internal function]: Illuminate/Foundation/Application->Illuminate/Foundation/{closure}(Object(Illuminate/Foundation/Support/Providers/RouteServiceProvider), 'Illuminate//Foun...')
#38 A:/XAMPP/htdocs/insure-lk/vendor/laravel/framework/src/Illuminate/Foundation/Application.php(1131): array_walk(Array, Object(Closure))
#39 A:/XAMPP/htdocs/insure-lk/vendor/laravel/framework/src/Illuminate/Foundation/Bootstrap/BootProviders.php(17): Illuminate/Foundation/Application->boot()
#40 A:/XAMPP/htdocs/insure-lk/vendor/laravel/framework/src/Illuminate/Foundation/Application.php(342): Illuminate/Foundation/Bootstrap/BootProviders->bootstrap(Object(Illuminate/Foundation/Application))
#41 A:/XAMPP/htdocs/insure-lk/vendor/laravel/framework/src/Illuminate/Foundation/Console/Kernel.php(474): Illuminate/Foundation/Application->bootstrapWith(Array)
#42 A:/XAMPP/htdocs/insure-lk/vendor/laravel/framework/src/Illuminate/Foundation/Console/Kernel.php(196): Illuminate/Foundation/Console/Kernel->bootstrap()
#43 A:/XAMPP/htdocs/insure-lk/vendor/laravel/framework/src/Illuminate/Foundation/Application.php(1235): Illuminate/Foundation/Console/Kernel->handle(Object(Symfony/Component/Console/Input/ArgvInput), Object(Symfony/Component/Console/Output/ConsoleOutput))
#44 A:/XAMPP/htdocs/insure-lk/artisan(16): Illuminate/Foundation/Application->handleCommand(Object(Symfony/Component/Console/Input/ArgvInput))
#45 {main}
"} 
[2026-06-29 02:25:31] local.ERROR: Class "Str" not found (View: A:\XAMPP\htdocs\insure-lk\resources\views\livewire\roles\index.blade.php) {"userId":1,"exception":"[object] (Illuminate\\View\\ViewException(code: 0): Class \"Str\" not found (View: A:\\XAMPP\\htdocs\\insure-lk\\resources\\views\\livewire\\roles\\index.blade.php) at A:/XAMPP/htdocs/insure-lk/storage/framework/views/62ca8768f696c0fca767f82ebeeb3cad.php:30)
[stacktrace]
#0 A:/XAMPP/htdocs/insure-lk/vendor/livewire/livewire/src/Mechanisms/ExtendBlade/ExtendedCompilerEngine.php(58): Illuminate/View/Engines/CompilerEngine->handleViewException(Object(Error), 1)
#1 A:/XAMPP/htdocs/insure-lk/vendor/livewire/livewire/src/Mechanisms/ExtendBlade/ExtendedCompilerEngine.php(40): Livewire/Mechanisms/ExtendBlade/ExtendedCompilerEngine->handleViewException(Object(Error), 1)
#2 A:/XAMPP/htdocs/insure-lk/vendor/laravel/framework/src/Illuminate/View/Engines/CompilerEngine.php(75): Livewire/Mechanisms/ExtendBlade/ExtendedCompilerEngine->evaluatePath('A://XAMPP//htdocs...', Array)
#3 A:/XAMPP/htdocs/insure-lk/vendor/livewire/livewire/src/Mechanisms/ExtendBlade/ExtendedCompilerEngine.php(16): Illuminate/View/Engines/CompilerEngine->get('A://XAMPP//htdocs...', Array)
#4 A:/XAMPP/htdocs/insure-lk/vendor/laravel/framework/src/Illuminate/View/View.php(209): Livewire/Mechanisms/ExtendBlade/ExtendedCompilerEngine->get('A://XAMPP//htdocs...', Array)
#5 A:/XAMPP/htdocs/insure-lk/vendor/laravel/framework/src/Illuminate/View/View.php(192): Illuminate/View/View->getContents()
#6 A:/XAMPP/htdocs/insure-lk/vendor/laravel/framework/src/Illuminate/View/View.php(161): Illuminate/View/View->renderContents()
#7 A:/XAMPP/htdocs/insure-lk/vendor/livewire/livewire/src/Mechanisms/HandleComponents/HandleComponents.php(282): Illuminate/View/View->render(Object(Closure))
#8 A:/XAMPP/htdocs/insure-lk/vendor/livewire/livewire/src/Mechanisms/HandleComponents/HandleComponents.php(326): Livewire/Mechanisms/HandleComponents/HandleComponents->Livewire/Mechanisms/HandleComponents/{closure}()
#9 A:/XAMPP/htdocs/insure-lk/vendor/livewire/livewire/src/Mechanisms/HandleComponents/HandleComponents.php(274): Livewire/Mechanisms/HandleComponents/HandleComponents->trackInRenderStack(Object(App/Livewire/Roles/RoleIndex), Object(Closure))
#10 A:/XAMPP/htdocs/insure-lk/vendor/livewire/livewire/src/Mechanisms/HandleComponents/HandleComponents.php(54): Livewire/Mechanisms/HandleComponents/HandleComponents->render(Object(App/Livewire/Roles/RoleIndex), '<div></div>')
#11 A:/XAMPP/htdocs/insure-lk/vendor/livewire/livewire/src/LivewireManager.php(73): Livewire/Mechanisms/HandleComponents/HandleComponents->mount('App//Livewire//Ro...', Array, NULL)
#12 A:/XAMPP/htdocs/insure-lk/vendor/livewire/livewire/src/Features/SupportPageComponents/HandlesPageComponents.php(17): Livewire/LivewireManager->mount('App//Livewire//Ro...', Array)
#13 A:/XAMPP/htdocs/insure-lk/vendor/livewire/livewire/src/Features/SupportPageComponents/SupportPageComponents.php(117): Livewire/Component->Livewire/Features/SupportPageComponents/{closure}()
#14 A:/XAMPP/htdocs/insure-lk/vendor/livewire/livewire/src/Features/SupportPageComponents/HandlesPageComponents.php(14): Livewire/Features/SupportPageComponents/SupportPageComponents::interceptTheRenderOfTheComponentAndRetreiveTheLayoutConfiguration(Object(Closure))
#15 A:/XAMPP/htdocs/insure-lk/vendor/laravel/framework/src/Illuminate/Routing/ControllerDispatcher.php(47): Livewire/Component->__invoke()
#16 A:/XAMPP/htdocs/insure-lk/vendor/laravel/framework/src/Illuminate/Routing/Route.php(266): Illuminate/Routing/ControllerDispatcher->dispatch(Object(Illuminate/Routing/Route), Object(App/Livewire/Roles/RoleIndex), '__invoke')
#17 A:/XAMPP/htdocs/insure-lk/vendor/laravel/framework/src/Illuminate/Routing/Route.php(212): Illuminate/Routing/Route->runController()
#18 A:/XAMPP/htdocs/insure-lk/vendor/laravel/framework/src/Illuminate/Routing/Router.php(808): Illuminate/Routing/Route->run()
#19 A:/XAMPP/htdocs/insure-lk/vendor/laravel/framework/src/Illuminate/Pipeline/Pipeline.php(170): Illuminate/Routing/Router->Illuminate/Routing/{closure}(Object(Illuminate/Http/Request))
#20 A:/XAMPP/htdocs/insure-lk/vendor/laravel/framework/src/Illuminate/Auth/Middleware/Authorize.php(60): Illuminate/Pipeline/Pipeline->Illuminate/Pipeline/{closure}(Object(Illuminate/Http/Request))
#21 A:/XAMPP/htdocs/insure-lk/vendor/laravel/framework/src/Illuminate/Pipeline/Pipeline.php(209): Illuminate/Auth/Middleware/Authorize->handle(Object(Illuminate/Http/Request), Object(Closure), 'roles.view')
#22 A:/XAMPP/htdocs/insure-lk/vendor/laravel/framework/src/Illuminate/Routing/Middleware/SubstituteBindings.php(51): Illuminate/Pipeline/Pipeline->Illuminate/Pipeline/{closure}(Object(Illuminate/Http/Request))
#23 A:/XAMPP/htdocs/insure-lk/vendor/laravel/framework/src/Illuminate/Pipeline/Pipeline.php(209): Illuminate/Routing/Middleware/SubstituteBindings->handle(Object(Illuminate/Http/Request), Object(Closure))
#24 A:/XAMPP/htdocs/insure-lk/vendor/laravel/framework/src/Illuminate/Auth/Middleware/Authenticate.php(64): Illuminate/Pipeline/Pipeline->Illuminate/Pipeline/{closure}(Object(Illuminate/Http/Request))
#25 A:/XAMPP/htdocs/insure-lk/vendor/laravel/framework/src/Illuminate/Pipeline/Pipeline.php(209): Illuminate/Auth/Middleware/Authenticate->handle(Object(Illuminate/Http/Request), Object(Closure))
#26 A:/XAMPP/htdocs/insure-lk/vendor/laravel/framework/src/Illuminate/Foundation/Http/Middleware/VerifyCsrfToken.php(88): Illuminate/Pipeline/Pipeline->Illuminate/Pipeline/{closure}(Object(Illuminate/Http/Request))
#27 A:/XAMPP/htdocs/insure-lk/vendor/laravel/framework/src/Illuminate/Pipeline/Pipeline.php(209): Illuminate/Foundation/Http/Middleware/VerifyCsrfToken->handle(Object(Illuminate/Http/Request), Object(Closure))
#28 A:/XAMPP/htdocs/insure-lk/vendor/laravel/framework/src/Illuminate/View/Middleware/ShareErrorsFromSession.php(49): Illuminate/Pipeline/Pipeline->Illuminate/Pipeline/{closure}(Object(Illuminate/Http/Request))
#29 A:/XAMPP/htdocs/insure-lk/vendor/laravel/framework/src/Illuminate/Pipeline/Pipeline.php(209): Illuminate/View/Middleware/ShareErrorsFromSession->handle(Object(Illuminate/Http/Request), Object(Closure))
#30 A:/XAMPP/htdocs/insure-lk/vendor/laravel/framework/src/Illuminate/Session/Middleware/StartSession.php(121): Illuminate/Pipeline/Pipeline->Illuminate/Pipeline/{closure}(Object(Illuminate/Http/Request))
#31 A:/XAMPP/htdocs/insure-lk/vendor/laravel/framework/src/Illuminate/Session/Middleware/StartSession.php(64): Illuminate/Session/Middleware/StartSession->handleStatefulRequest(Object(Illuminate/Http/Request), Object(Illuminate/Session/Store), Object(Closure))
#32 A:/XAMPP/htdocs/insure-lk/vendor/laravel/framework/src/Illuminate/Pipeline/Pipeline.php(209): Illuminate/Session/Middleware/StartSession->handle(Object(Illuminate/Http/Request), Object(Closure))
#33 A:/XAMPP/htdocs/insure-lk/vendor/laravel/framework/src/Illuminate/Cookie/Middleware/AddQueuedCookiesToResponse.php(37): Illuminate/Pipeline/Pipeline->Illuminate/Pipeline/{closure}(Object(Illuminate/Http/Request))
#34 A:/XAMPP/htdocs/insure-lk/vendor/laravel/framework/src/Illuminate/Pipeline/Pipeline.php(209): Illuminate/Cookie/Middleware/AddQueuedCookiesToResponse->handle(Object(Illuminate/Http/Request), Object(Closure))
#35 A:/XAMPP/htdocs/insure-lk/vendor/laravel/framework/src/Illuminate/Cookie/Middleware/EncryptCookies.php(75): Illuminate/Pipeline/Pipeline->Illuminate/Pipeline/{closure}(Object(Illuminate/Http/Request))
#36 A:/XAMPP/htdocs/insure-lk/vendor/laravel/framework/src/Illuminate/Pipeline/Pipeline.php(209): Illuminate/Cookie/Middleware/EncryptCookies->handle(Object(Illuminate/Http/Request), Object(Closure))
#37 A:/XAMPP/htdocs/insure-lk/vendor/laravel/framework/src/Illuminate/Pipeline/Pipeline.php(127): Illuminate/Pipeline/Pipeline->Illuminate/Pipeline/{closure}(Object(Illuminate/Http/Request))
#38 A:/XAMPP/htdocs/insure-lk/vendor/laravel/framework/src/Illuminate/Routing/Router.php(807): Illuminate/Pipeline/Pipeline->then(Object(Closure))
#39 A:/XAMPP/htdocs/insure-lk/vendor/laravel/framework/src/Illuminate/Routing/Router.php(786): Illuminate/Routing/Router->runRouteWithinStack(Object(Illuminate/Routing/Route), Object(Illuminate/Http/Request))
#40 A:/XAMPP/htdocs/insure-lk/vendor/laravel/framework/src/Illuminate/Routing/Router.php(750): Illuminate/Routing/Router->runRoute(Object(Illuminate/Http/Request), Object(Illuminate/Routing/Route))
#41 A:/XAMPP/htdocs/insure-lk/vendor/laravel/framework/src/Illuminate/Routing/Router.php(739): Illuminate/Routing/Router->dispatchToRoute(Object(Illuminate/Http/Request))
#42 A:/XAMPP/htdocs/insure-lk/vendor/laravel/framework/src/Illuminate/Foundation/Http/Kernel.php(201): Illuminate/Routing/Router->dispatch(Object(Illuminate/Http/Request))
#43 A:/XAMPP/htdocs/insure-lk/vendor/laravel/framework/src/Illuminate/Pipeline/Pipeline.php(170): Illuminate/Foundation/Http/Kernel->Illuminate/Foundation/Http/{closure}(Object(Illuminate/Http/Request))
#44 A:/XAMPP/htdocs/insure-lk/vendor/livewire/livewire/src/Features/SupportDisablingBackButtonCache/DisableBackButtonCacheMiddleware.php(19): Illuminate/Pipeline/Pipeline->Illuminate/Pipeline/{closure}(Object(Illuminate/Http/Request))
#45 A:/XAMPP/htdocs/insure-lk/vendor/laravel/framework/src/Illuminate/Pipeline/Pipeline.php(209): Livewire/Features/SupportDisablingBackButtonCache/DisableBackButtonCacheMiddleware->handle(Object(Illuminate/Http/Request), Object(Closure))
#46 A:/XAMPP/htdocs/insure-lk/vendor/laravel/framework/src/Illuminate/Foundation/Http/Middleware/TransformsRequest.php(21): Illuminate/Pipeline/Pipeline->Illuminate/Pipeline/{closure}(Object(Illuminate/Http/Request))
#47 A:/XAMPP/htdocs/insure-lk/vendor/laravel/framework/src/Illuminate/Foundation/Http/Middleware/ConvertEmptyStringsToNull.php(31): Illuminate/Foundation/Http/Middleware/TransformsRequest->handle(Object(Illuminate/Http/Request), Object(Closure))
#48 A:/XAMPP/htdocs/insure-lk/vendor/laravel/framework/src/Illuminate/Pipeline/Pipeline.php(209): Illuminate/Foundation/Http/Middleware/ConvertEmptyStringsToNull->handle(Object(Illuminate/Http/Request), Object(Closure))
#49 A:/XAMPP/htdocs/insure-lk/vendor/laravel/framework/src/Illuminate/Foundation/Http/Middleware/TransformsRequest.php(21): Illuminate/Pipeline/Pipeline->Illuminate/Pipeline/{closure}(Object(Illuminate/Http/Request))
#50 A:/XAMPP/htdocs/insure-lk/vendor/laravel/framework/src/Illuminate/Foundation/Http/Middleware/TrimStrings.php(51): Illuminate/Foundation/Http/Middleware/TransformsRequest->handle(Object(Illuminate/Http/Request), Object(Closure))
#51 A:/XAMPP/htdocs/insure-lk/vendor/laravel/framework/src/Illuminate/Pipeline/Pipeline.php(209): Illuminate/Foundation/Http/Middleware/TrimStrings->handle(Object(Illuminate/Http/Request), Object(Closure))
#52 A:/XAMPP/htdocs/insure-lk/vendor/laravel/framework/src/Illuminate/Http/Middleware/ValidatePostSize.php(27): Illuminate/Pipeline/Pipeline->Illuminate/Pipeline/{closure}(Object(Illuminate/Http/Request))
#53 A:/XAMPP/htdocs/insure-lk/vendor/laravel/framework/src/Illuminate/Pipeline/Pipeline.php(209): Illuminate/Http/Middleware/ValidatePostSize->handle(Object(Illuminate/Http/Request), Object(Closure))
#54 A:/XAMPP/htdocs/insure-lk/vendor/laravel/framework/src/Illuminate/Foundation/Http/Middleware/PreventRequestsDuringMaintenance.php(110): Illuminate/Pipeline/Pipeline->Illuminate/Pipeline/{closure}(Object(Illuminate/Http/Request))
#55 A:/XAMPP/htdocs/insure-lk/vendor/laravel/framework/src/Illuminate/Pipeline/Pipeline.php(209): Illuminate/Foundation/Http/Middleware/PreventRequestsDuringMaintenance->handle(Object(Illuminate/Http/Request), Object(Closure))
#56 A:/XAMPP/htdocs/insure-lk/vendor/laravel/framework/src/Illuminate/Http/Middleware/HandleCors.php(49): Illuminate/Pipeline/Pipeline->Illuminate/Pipeline/{closure}(Object(Illuminate/Http/Request))
#57 A:/XAMPP/htdocs/insure-lk/vendor/laravel/framework/src/Illuminate/Pipeline/Pipeline.php(209): Illuminate/Http/Middleware/HandleCors->handle(Object(Illuminate/Http/Request), Object(Closure))
#58 A:/XAMPP/htdocs/insure-lk/vendor/laravel/framework/src/Illuminate/Http/Middleware/TrustProxies.php(58): Illuminate/Pipeline/Pipeline->Illuminate/Pipeline/{closure}(Object(Illuminate/Http/Request))
#59 A:/XAMPP/htdocs/insure-lk/vendor/laravel/framework/src/Illuminate/Pipeline/Pipeline.php(209): Illuminate/Http/Middleware/TrustProxies->handle(Object(Illuminate/Http/Request), Object(Closure))
#60 A:/XAMPP/htdocs/insure-lk/vendor/laravel/framework/src/Illuminate/Foundation/Http/Middleware/InvokeDeferredCallbacks.php(22): Illuminate/Pipeline/Pipeline->Illuminate/Pipeline/{closure}(Object(Illuminate/Http/Request))
#61 A:/XAMPP/htdocs/insure-lk/vendor/laravel/framework/src/Illuminate/Pipeline/Pipeline.php(209): Illuminate/Foundation/Http/Middleware/InvokeDeferredCallbacks->handle(Object(Illuminate/Http/Request), Object(Closure))
#62 A:/XAMPP/htdocs/insure-lk/vendor/laravel/framework/src/Illuminate/Pipeline/Pipeline.php(127): Illuminate/Pipeline/Pipeline->Illuminate/Pipeline/{closure}(Object(Illuminate/Http/Request))
#63 A:/XAMPP/htdocs/insure-lk/vendor/laravel/framework/src/Illuminate/Foundation/Http/Kernel.php(176): Illuminate/Pipeline/Pipeline->then(Object(Closure))
#64 A:/XAMPP/htdocs/insure-lk/vendor/laravel/framework/src/Illuminate/Foundation/Http/Kernel.php(145): Illuminate/Foundation/Http/Kernel->sendRequestThroughRouter(Object(Illuminate/Http/Request))
#65 A:/XAMPP/htdocs/insure-lk/vendor/laravel/framework/src/Illuminate/Foundation/Application.php(1220): Illuminate/Foundation/Http/Kernel->handle(Object(Illuminate/Http/Request))
#66 A:/XAMPP/htdocs/insure-lk/public/index.php(9): Illuminate/Foundation/Application->handleRequest(Object(Illuminate/Http/Request))
#67 {main}

[previous exception] [object] (Error(code: 0): Class \"Str\" not found at A:/XAMPP/htdocs/insure-lk/storage/framework/views/62ca8768f696c0fca767f82ebeeb3cad.php:30)
[stacktrace]
#0 A:/XAMPP/htdocs/insure-lk/vendor/livewire/livewire/src/Mechanisms/ExtendBlade/ExtendedCompilerEngine.php(37): include()
#1 A:/XAMPP/htdocs/insure-lk/vendor/livewire/livewire/src/Mechanisms/ExtendBlade/ExtendedCompilerEngine.php(38): App/Livewire/Roles/RoleIndex->Livewire/Mechanisms/ExtendBlade/{closure}()
#2 A:/XAMPP/htdocs/insure-lk/vendor/laravel/framework/src/Illuminate/View/Engines/CompilerEngine.php(75): Livewire/Mechanisms/ExtendBlade/ExtendedCompilerEngine->evaluatePath('A://XAMPP//htdocs...', Array)
#3 A:/XAMPP/htdocs/insure-lk/vendor/livewire/livewire/src/Mechanisms/ExtendBlade/ExtendedCompilerEngine.php(16): Illuminate/View/Engines/CompilerEngine->get('A://XAMPP//htdocs...', Array)
#4 A:/XAMPP/htdocs/insure-lk/vendor/laravel/framework/src/Illuminate/View/View.php(209): Livewire/Mechanisms/ExtendBlade/ExtendedCompilerEngine->get('A://XAMPP//htdocs...', Array)
#5 A:/XAMPP/htdocs/insure-lk/vendor/laravel/framework/src/Illuminate/View/View.php(192): Illuminate/View/View->getContents()
#6 A:/XAMPP/htdocs/insure-lk/vendor/laravel/framework/src/Illuminate/View/View.php(161): Illuminate/View/View->renderContents()
#7 A:/XAMPP/htdocs/insure-lk/vendor/livewire/livewire/src/Mechanisms/HandleComponents/HandleComponents.php(282): Illuminate/View/View->render(Object(Closure))
#8 A:/XAMPP/htdocs/insure-lk/vendor/livewire/livewire/src/Mechanisms/HandleComponents/HandleComponents.php(326): Livewire/Mechanisms/HandleComponents/HandleComponents->Livewire/Mechanisms/HandleComponents/{closure}()
#9 A:/XAMPP/htdocs/insure-lk/vendor/livewire/livewire/src/Mechanisms/HandleComponents/HandleComponents.php(274): Livewire/Mechanisms/HandleComponents/HandleComponents->trackInRenderStack(Object(App/Livewire/Roles/RoleIndex), Object(Closure))
#10 A:/XAMPP/htdocs/insure-lk/vendor/livewire/livewire/src/Mechanisms/HandleComponents/HandleComponents.php(54): Livewire/Mechanisms/HandleComponents/HandleComponents->render(Object(App/Livewire/Roles/RoleIndex), '<div></div>')
#11 A:/XAMPP/htdocs/insure-lk/vendor/livewire/livewire/src/LivewireManager.php(73): Livewire/Mechanisms/HandleComponents/HandleComponents->mount('App//Livewire//Ro...', Array, NULL)
#12 A:/XAMPP/htdocs/insure-lk/vendor/livewire/livewire/src/Features/SupportPageComponents/HandlesPageComponents.php(17): Livewire/LivewireManager->mount('App//Livewire//Ro...', Array)
#13 A:/XAMPP/htdocs/insure-lk/vendor/livewire/livewire/src/Features/SupportPageComponents/SupportPageComponents.php(117): Livewire/Component->Livewire/Features/SupportPageComponents/{closure}()
#14 A:/XAMPP/htdocs/insure-lk/vendor/livewire/livewire/src/Features/SupportPageComponents/HandlesPageComponents.php(14): Livewire/Features/SupportPageComponents/SupportPageComponents::interceptTheRenderOfTheComponentAndRetreiveTheLayoutConfiguration(Object(Closure))
#15 A:/XAMPP/htdocs/insure-lk/vendor/laravel/framework/src/Illuminate/Routing/ControllerDispatcher.php(47): Livewire/Component->__invoke()
#16 A:/XAMPP/htdocs/insure-lk/vendor/laravel/framework/src/Illuminate/Routing/Route.php(266): Illuminate/Routing/ControllerDispatcher->dispatch(Object(Illuminate/Routing/Route), Object(App/Livewire/Roles/RoleIndex), '__invoke')
#17 A:/XAMPP/htdocs/insure-lk/vendor/laravel/framework/src/Illuminate/Routing/Route.php(212): Illuminate/Routing/Route->runController()
#18 A:/XAMPP/htdocs/insure-lk/vendor/laravel/framework/src/Illuminate/Routing/Router.php(808): Illuminate/Routing/Route->run()
#19 A:/XAMPP/htdocs/insure-lk/vendor/laravel/framework/src/Illuminate/Pipeline/Pipeline.php(170): Illuminate/Routing/Router->Illuminate/Routing/{closure}(Object(Illuminate/Http/Request))
#20 A:/XAMPP/htdocs/insure-lk/vendor/laravel/framework/src/Illuminate/Auth/Middleware/Authorize.php(60): Illuminate/Pipeline/Pipeline->Illuminate/Pipeline/{closure}(Object(Illuminate/Http/Request))
#21 A:/XAMPP/htdocs/insure-lk/vendor/laravel/framework/src/Illuminate/Pipeline/Pipeline.php(209): Illuminate/Auth/Middleware/Authorize->handle(Object(Illuminate/Http/Request), Object(Closure), 'roles.view')
#22 A:/XAMPP/htdocs/insure-lk/vendor/laravel/framework/src/Illuminate/Routing/Middleware/SubstituteBindings.php(51): Illuminate/Pipeline/Pipeline->Illuminate/Pipeline/{closure}(Object(Illuminate/Http/Request))
#23 A:/XAMPP/htdocs/insure-lk/vendor/laravel/framework/src/Illuminate/Pipeline/Pipeline.php(209): Illuminate/Routing/Middleware/SubstituteBindings->handle(Object(Illuminate/Http/Request), Object(Closure))
#24 A:/XAMPP/htdocs/insure-lk/vendor/laravel/framework/src/Illuminate/Auth/Middleware/Authenticate.php(64): Illuminate/Pipeline/Pipeline->Illuminate/Pipeline/{closure}(Object(Illuminate/Http/Request))
#25 A:/XAMPP/htdocs/insure-lk/vendor/laravel/framework/src/Illuminate/Pipeline/Pipeline.php(209): Illuminate/Auth/Middleware/Authenticate->handle(Object(Illuminate/Http/Request), Object(Closure))
#26 A:/XAMPP/htdocs/insure-lk/vendor/laravel/framework/src/Illuminate/Foundation/Http/Middleware/VerifyCsrfToken.php(88): Illuminate/Pipeline/Pipeline->Illuminate/Pipeline/{closure}(Object(Illuminate/Http/Request))
#27 A:/XAMPP/htdocs/insure-lk/vendor/laravel/framework/src/Illuminate/Pipeline/Pipeline.php(209): Illuminate/Foundation/Http/Middleware/VerifyCsrfToken->handle(Object(Illuminate/Http/Request), Object(Closure))
#28 A:/XAMPP/htdocs/insure-lk/vendor/laravel/framework/src/Illuminate/View/Middleware/ShareErrorsFromSession.php(49): Illuminate/Pipeline/Pipeline->Illuminate/Pipeline/{closure}(Object(Illuminate/Http/Request))
#29 A:/XAMPP/htdocs/insure-lk/vendor/laravel/framework/src/Illuminate/Pipeline/Pipeline.php(209): Illuminate/View/Middleware/ShareErrorsFromSession->handle(Object(Illuminate/Http/Request), Object(Closure))
#30 A:/XAMPP/htdocs/insure-lk/vendor/laravel/framework/src/Illuminate/Session/Middleware/StartSession.php(121): Illuminate/Pipeline/Pipeline->Illuminate/Pipeline/{closure}(Object(Illuminate/Http/Request))
#31 A:/XAMPP/htdocs/insure-lk/vendor/laravel/framework/src/Illuminate/Session/Middleware/StartSession.php(64): Illuminate/Session/Middleware/StartSession->handleStatefulRequest(Object(Illuminate/Http/Request), Object(Illuminate/Session/Store), Object(Closure))
#32 A:/XAMPP/htdocs/insure-lk/vendor/laravel/framework/src/Illuminate/Pipeline/Pipeline.php(209): Illuminate/Session/Middleware/StartSession->handle(Object(Illuminate/Http/Request), Object(Closure))
#33 A:/XAMPP/htdocs/insure-lk/vendor/laravel/framework/src/Illuminate/Cookie/Middleware/AddQueuedCookiesToResponse.php(37): Illuminate/Pipeline/Pipeline->Illuminate/Pipeline/{closure}(Object(Illuminate/Http/Request))
#34 A:/XAMPP/htdocs/insure-lk/vendor/laravel/framework/src/Illuminate/Pipeline/Pipeline.php(209): Illuminate/Cookie/Middleware/AddQueuedCookiesToResponse->handle(Object(Illuminate/Http/Request), Object(Closure))
#35 A:/XAMPP/htdocs/insure-lk/vendor/laravel/framework/src/Illuminate/Cookie/Middleware/EncryptCookies.php(75): Illuminate/Pipeline/Pipeline->Illuminate/Pipeline/{closure}(Object(Illuminate/Http/Request))
#36 A:/XAMPP/htdocs/insure-lk/vendor/laravel/framework/src/Illuminate/Pipeline/Pipeline.php(209): Illuminate/Cookie/Middleware/EncryptCookies->handle(Object(Illuminate/Http/Request), Object(Closure))
#37 A:/XAMPP/htdocs/insure-lk/vendor/laravel/framework/src/Illuminate/Pipeline/Pipeline.php(127): Illuminate/Pipeline/Pipeline->Illuminate/Pipeline/{closure}(Object(Illuminate/Http/Request))
#38 A:/XAMPP/htdocs/insure-lk/vendor/laravel/framework/src/Illuminate/Routing/Router.php(807): Illuminate/Pipeline/Pipeline->then(Object(Closure))
#39 A:/XAMPP/htdocs/insure-lk/vendor/laravel/framework/src/Illuminate/Routing/Router.php(786): Illuminate/Routing/Router->runRouteWithinStack(Object(Illuminate/Routing/Route), Object(Illuminate/Http/Request))
#40 A:/XAMPP/htdocs/insure-lk/vendor/laravel/framework/src/Illuminate/Routing/Router.php(750): Illuminate/Routing/Router->runRoute(Object(Illuminate/Http/Request), Object(Illuminate/Routing/Route))
#41 A:/XAMPP/htdocs/insure-lk/vendor/laravel/framework/src/Illuminate/Routing/Router.php(739): Illuminate/Routing/Router->dispatchToRoute(Object(Illuminate/Http/Request))
#42 A:/XAMPP/htdocs/insure-lk/vendor/laravel/framework/src/Illuminate/Foundation/Http/Kernel.php(201): Illuminate/Routing/Router->dispatch(Object(Illuminate/Http/Request))
#43 A:/XAMPP/htdocs/insure-lk/vendor/laravel/framework/src/Illuminate/Pipeline/Pipeline.php(170): Illuminate/Foundation/Http/Kernel->Illuminate/Foundation/Http/{closure}(Object(Illuminate/Http/Request))
#44 A:/XAMPP/htdocs/insure-lk/vendor/livewire/livewire/src/Features/SupportDisablingBackButtonCache/DisableBackButtonCacheMiddleware.php(19): Illuminate/Pipeline/Pipeline->Illuminate/Pipeline/{closure}(Object(Illuminate/Http/Request))
#45 A:/XAMPP/htdocs/insure-lk/vendor/laravel/framework/src/Illuminate/Pipeline/Pipeline.php(209): Livewire/Features/SupportDisablingBackButtonCache/DisableBackButtonCacheMiddleware->handle(Object(Illuminate/Http/Request), Object(Closure))
#46 A:/XAMPP/htdocs/insure-lk/vendor/laravel/framework/src/Illuminate/Foundation/Http/Middleware/TransformsRequest.php(21): Illuminate/Pipeline/Pipeline->Illuminate/Pipeline/{closure}(Object(Illuminate/Http/Request))
#47 A:/XAMPP/htdocs/insure-lk/vendor/laravel/framework/src/Illuminate/Foundation/Http/Middleware/ConvertEmptyStringsToNull.php(31): Illuminate/Foundation/Http/Middleware/TransformsRequest->handle(Object(Illuminate/Http/Request), Object(Closure))
#48 A:/XAMPP/htdocs/insure-lk/vendor/laravel/framework/src/Illuminate/Pipeline/Pipeline.php(209): Illuminate/Foundation/Http/Middleware/ConvertEmptyStringsToNull->handle(Object(Illuminate/Http/Request), Object(Closure))
#49 A:/XAMPP/htdocs/insure-lk/vendor/laravel/framework/src/Illuminate/Foundation/Http/Middleware/TransformsRequest.php(21): Illuminate/Pipeline/Pipeline->Illuminate/Pipeline/{closure}(Object(Illuminate/Http/Request))
#50 A:/XAMPP/htdocs/insure-lk/vendor/laravel/framework/src/Illuminate/Foundation/Http/Middleware/TrimStrings.php(51): Illuminate/Foundation/Http/Middleware/TransformsRequest->handle(Object(Illuminate/Http/Request), Object(Closure))
#51 A:/XAMPP/htdocs/insure-lk/vendor/laravel/framework/src/Illuminate/Pipeline/Pipeline.php(209): Illuminate/Foundation/Http/Middleware/TrimStrings->handle(Object(Illuminate/Http/Request), Object(Closure))
#52 A:/XAMPP/htdocs/insure-lk/vendor/laravel/framework/src/Illuminate/Http/Middleware/ValidatePostSize.php(27): Illuminate/Pipeline/Pipeline->Illuminate/Pipeline/{closure}(Object(Illuminate/Http/Request))
#53 A:/XAMPP/htdocs/insure-lk/vendor/laravel/framework/src/Illuminate/Pipeline/Pipeline.php(209): Illuminate/Http/Middleware/ValidatePostSize->handle(Object(Illuminate/Http/Request), Object(Closure))
#54 A:/XAMPP/htdocs/insure-lk/vendor/laravel/framework/src/Illuminate/Foundation/Http/Middleware/PreventRequestsDuringMaintenance.php(110): Illuminate/Pipeline/Pipeline->Illuminate/Pipeline/{closure}(Object(Illuminate/Http/Request))
#55 A:/XAMPP/htdocs/insure-lk/vendor/laravel/framework/src/Illuminate/Pipeline/Pipeline.php(209): Illuminate/Foundation/Http/Middleware/PreventRequestsDuringMaintenance->handle(Object(Illuminate/Http/Request), Object(Closure))
#56 A:/XAMPP/htdocs/insure-lk/vendor/laravel/framework/src/Illuminate/Http/Middleware/HandleCors.php(49): Illuminate/Pipeline/Pipeline->Illuminate/Pipeline/{closure}(Object(Illuminate/Http/Request))
#57 A:/XAMPP/htdocs/insure-lk/vendor/laravel/framework/src/Illuminate/Pipeline/Pipeline.php(209): Illuminate/Http/Middleware/HandleCors->handle(Object(Illuminate/Http/Request), Object(Closure))
#58 A:/XAMPP/htdocs/insure-lk/vendor/laravel/framework/src/Illuminate/Http/Middleware/TrustProxies.php(58): Illuminate/Pipeline/Pipeline->Illuminate/Pipeline/{closure}(Object(Illuminate/Http/Request))
#59 A:/XAMPP/htdocs/insure-lk/vendor/laravel/framework/src/Illuminate/Pipeline/Pipeline.php(209): Illuminate/Http/Middleware/TrustProxies->handle(Object(Illuminate/Http/Request), Object(Closure))
#60 A:/XAMPP/htdocs/insure-lk/vendor/laravel/framework/src/Illuminate/Foundation/Http/Middleware/InvokeDeferredCallbacks.php(22): Illuminate/Pipeline/Pipeline->Illuminate/Pipeline/{closure}(Object(Illuminate/Http/Request))
#61 A:/XAMPP/htdocs/insure-lk/vendor/laravel/framework/src/Illuminate/Pipeline/Pipeline.php(209): Illuminate/Foundation/Http/Middleware/InvokeDeferredCallbacks->handle(Object(Illuminate/Http/Request), Object(Closure))
#62 A:/XAMPP/htdocs/insure-lk/vendor/laravel/framework/src/Illuminate/Pipeline/Pipeline.php(127): Illuminate/Pipeline/Pipeline->Illuminate/Pipeline/{closure}(Object(Illuminate/Http/Request))
#63 A:/XAMPP/htdocs/insure-lk/vendor/laravel/framework/src/Illuminate/Foundation/Http/Kernel.php(176): Illuminate/Pipeline/Pipeline->then(Object(Closure))
#64 A:/XAMPP/htdocs/insure-lk/vendor/laravel/framework/src/Illuminate/Foundation/Http/Kernel.php(145): Illuminate/Foundation/Http/Kernel->sendRequestThroughRouter(Object(Illuminate/Http/Request))
#65 A:/XAMPP/htdocs/insure-lk/vendor/laravel/framework/src/Illuminate/Foundation/Application.php(1220): Illuminate/Foundation/Http/Kernel->handle(Object(Illuminate/Http/Request))
#66 A:/XAMPP/htdocs/insure-lk/public/index.php(9): Illuminate/Foundation/Application->handleRequest(Object(Illuminate/Http/Request))
#67 {main}
"} 
[2026-06-29 02:28:28] local.ERROR: Class "Str" not found (View: A:\XAMPP\htdocs\insure-lk\resources\views\livewire\roles\index.blade.php) {"userId":1,"exception":"[object] (Illuminate\\View\\ViewException(code: 0): Class \"Str\" not found (View: A:\\XAMPP\\htdocs\\insure-lk\\resources\\views\\livewire\\roles\\index.blade.php) at A:/XAMPP/htdocs/insure-lk/storage/framework/views/62ca8768f696c0fca767f82ebeeb3cad.php:30)
[stacktrace]
#0 A:/XAMPP/htdocs/insure-lk/vendor/livewire/livewire/src/Mechanisms/ExtendBlade/ExtendedCompilerEngine.php(58): Illuminate/View/Engines/CompilerEngine->handleViewException(Object(Error), 1)
#1 A:/XAMPP/htdocs/insure-lk/vendor/livewire/livewire/src/Mechanisms/ExtendBlade/ExtendedCompilerEngine.php(40): Livewire/Mechanisms/ExtendBlade/ExtendedCompilerEngine->handleViewException(Object(Error), 1)
#2 A:/XAMPP/htdocs/insure-lk/vendor/laravel/framework/src/Illuminate/View/Engines/CompilerEngine.php(75): Livewire/Mechanisms/ExtendBlade/ExtendedCompilerEngine->evaluatePath('A://XAMPP//htdocs...', Array)
#3 A:/XAMPP/htdocs/insure-lk/vendor/livewire/livewire/src/Mechanisms/ExtendBlade/ExtendedCompilerEngine.php(16): Illuminate/View/Engines/CompilerEngine->get('A://XAMPP//htdocs...', Array)
#4 A:/XAMPP/htdocs/insure-lk/vendor/laravel/framework/src/Illuminate/View/View.php(209): Livewire/Mechanisms/ExtendBlade/ExtendedCompilerEngine->get('A://XAMPP//htdocs...', Array)
#5 A:/XAMPP/htdocs/insure-lk/vendor/laravel/framework/src/Illuminate/View/View.php(192): Illuminate/View/View->getContents()
#6 A:/XAMPP/htdocs/insure-lk/vendor/laravel/framework/src/Illuminate/View/View.php(161): Illuminate/View/View->renderContents()
#7 A:/XAMPP/htdocs/insure-lk/vendor/livewire/livewire/src/Mechanisms/HandleComponents/HandleComponents.php(282): Illuminate/View/View->render(Object(Closure))
#8 A:/XAMPP/htdocs/insure-lk/vendor/livewire/livewire/src/Mechanisms/HandleComponents/HandleComponents.php(326): Livewire/Mechanisms/HandleComponents/HandleComponents->Livewire/Mechanisms/HandleComponents/{closure}()
#9 A:/XAMPP/htdocs/insure-lk/vendor/livewire/livewire/src/Mechanisms/HandleComponents/HandleComponents.php(274): Livewire/Mechanisms/HandleComponents/HandleComponents->trackInRenderStack(Object(App/Livewire/Roles/RoleIndex), Object(Closure))
#10 A:/XAMPP/htdocs/insure-lk/vendor/livewire/livewire/src/Mechanisms/HandleComponents/HandleComponents.php(54): Livewire/Mechanisms/HandleComponents/HandleComponents->render(Object(App/Livewire/Roles/RoleIndex), '<div></div>')
#11 A:/XAMPP/htdocs/insure-lk/vendor/livewire/livewire/src/LivewireManager.php(73): Livewire/Mechanisms/HandleComponents/HandleComponents->mount('App//Livewire//Ro...', Array, NULL)
#12 A:/XAMPP/htdocs/insure-lk/vendor/livewire/livewire/src/Features/SupportPageComponents/HandlesPageComponents.php(17): Livewire/LivewireManager->mount('App//Livewire//Ro...', Array)
#13 A:/XAMPP/htdocs/insure-lk/vendor/livewire/livewire/src/Features/SupportPageComponents/SupportPageComponents.php(117): Livewire/Component->Livewire/Features/SupportPageComponents/{closure}()
#14 A:/XAMPP/htdocs/insure-lk/vendor/livewire/livewire/src/Features/SupportPageComponents/HandlesPageComponents.php(14): Livewire/Features/SupportPageComponents/SupportPageComponents::interceptTheRenderOfTheComponentAndRetreiveTheLayoutConfiguration(Object(Closure))
#15 A:/XAMPP/htdocs/insure-lk/vendor/laravel/framework/src/Illuminate/Routing/ControllerDispatcher.php(47): Livewire/Component->__invoke()
#16 A:/XAMPP/htdocs/insure-lk/vendor/laravel/framework/src/Illuminate/Routing/Route.php(266): Illuminate/Routing/ControllerDispatcher->dispatch(Object(Illuminate/Routing/Route), Object(App/Livewire/Roles/RoleIndex), '__invoke')
#17 A:/XAMPP/htdocs/insure-lk/vendor/laravel/framework/src/Illuminate/Routing/Route.php(212): Illuminate/Routing/Route->runController()
#18 A:/XAMPP/htdocs/insure-lk/vendor/laravel/framework/src/Illuminate/Routing/Router.php(808): Illuminate/Routing/Route->run()
#19 A:/XAMPP/htdocs/insure-lk/vendor/laravel/framework/src/Illuminate/Pipeline/Pipeline.php(170): Illuminate/Routing/Router->Illuminate/Routing/{closure}(Object(Illuminate/Http/Request))
#20 A:/XAMPP/htdocs/insure-lk/vendor/laravel/framework/src/Illuminate/Auth/Middleware/Authorize.php(60): Illuminate/Pipeline/Pipeline->Illuminate/Pipeline/{closure}(Object(Illuminate/Http/Request))
#21 A:/XAMPP/htdocs/insure-lk/vendor/laravel/framework/src/Illuminate/Pipeline/Pipeline.php(209): Illuminate/Auth/Middleware/Authorize->handle(Object(Illuminate/Http/Request), Object(Closure), 'roles.view')
#22 A:/XAMPP/htdocs/insure-lk/vendor/laravel/framework/src/Illuminate/Routing/Middleware/SubstituteBindings.php(51): Illuminate/Pipeline/Pipeline->Illuminate/Pipeline/{closure}(Object(Illuminate/Http/Request))
#23 A:/XAMPP/htdocs/insure-lk/vendor/laravel/framework/src/Illuminate/Pipeline/Pipeline.php(209): Illuminate/Routing/Middleware/SubstituteBindings->handle(Object(Illuminate/Http/Request), Object(Closure))
#24 A:/XAMPP/htdocs/insure-lk/vendor/laravel/framework/src/Illuminate/Auth/Middleware/Authenticate.php(64): Illuminate/Pipeline/Pipeline->Illuminate/Pipeline/{closure}(Object(Illuminate/Http/Request))
#25 A:/XAMPP/htdocs/insure-lk/vendor/laravel/framework/src/Illuminate/Pipeline/Pipeline.php(209): Illuminate/Auth/Middleware/Authenticate->handle(Object(Illuminate/Http/Request), Object(Closure))
#26 A:/XAMPP/htdocs/insure-lk/vendor/laravel/framework/src/Illuminate/Foundation/Http/Middleware/VerifyCsrfToken.php(88): Illuminate/Pipeline/Pipeline->Illuminate/Pipeline/{closure}(Object(Illuminate/Http/Request))
#27 A:/XAMPP/htdocs/insure-lk/vendor/laravel/framework/src/Illuminate/Pipeline/Pipeline.php(209): Illuminate/Foundation/Http/Middleware/VerifyCsrfToken->handle(Object(Illuminate/Http/Request), Object(Closure))
#28 A:/XAMPP/htdocs/insure-lk/vendor/laravel/framework/src/Illuminate/View/Middleware/ShareErrorsFromSession.php(49): Illuminate/Pipeline/Pipeline->Illuminate/Pipeline/{closure}(Object(Illuminate/Http/Request))
#29 A:/XAMPP/htdocs/insure-lk/vendor/laravel/framework/src/Illuminate/Pipeline/Pipeline.php(209): Illuminate/View/Middleware/ShareErrorsFromSession->handle(Object(Illuminate/Http/Request), Object(Closure))
#30 A:/XAMPP/htdocs/insure-lk/vendor/laravel/framework/src/Illuminate/Session/Middleware/StartSession.php(121): Illuminate/Pipeline/Pipeline->Illuminate/Pipeline/{closure}(Object(Illuminate/Http/Request))
#31 A:/XAMPP/htdocs/insure-lk/vendor/laravel/framework/src/Illuminate/Session/Middleware/StartSession.php(64): Illuminate/Session/Middleware/StartSession->handleStatefulRequest(Object(Illuminate/Http/Request), Object(Illuminate/Session/Store), Object(Closure))
#32 A:/XAMPP/htdocs/insure-lk/vendor/laravel/framework/src/Illuminate/Pipeline/Pipeline.php(209): Illuminate/Session/Middleware/StartSession->handle(Object(Illuminate/Http/Request), Object(Closure))
#33 A:/XAMPP/htdocs/insure-lk/vendor/laravel/framework/src/Illuminate/Cookie/Middleware/AddQueuedCookiesToResponse.php(37): Illuminate/Pipeline/Pipeline->Illuminate/Pipeline/{closure}(Object(Illuminate/Http/Request))
#34 A:/XAMPP/htdocs/insure-lk/vendor/laravel/framework/src/Illuminate/Pipeline/Pipeline.php(209): Illuminate/Cookie/Middleware/AddQueuedCookiesToResponse->handle(Object(Illuminate/Http/Request), Object(Closure))
#35 A:/XAMPP/htdocs/insure-lk/vendor/laravel/framework/src/Illuminate/Cookie/Middleware/EncryptCookies.php(75): Illuminate/Pipeline/Pipeline->Illuminate/Pipeline/{closure}(Object(Illuminate/Http/Request))
#36 A:/XAMPP/htdocs/insure-lk/vendor/laravel/framework/src/Illuminate/Pipeline/Pipeline.php(209): Illuminate/Cookie/Middleware/EncryptCookies->handle(Object(Illuminate/Http/Request), Object(Closure))
#37 A:/XAMPP/htdocs/insure-lk/vendor/laravel/framework/src/Illuminate/Pipeline/Pipeline.php(127): Illuminate/Pipeline/Pipeline->Illuminate/Pipeline/{closure}(Object(Illuminate/Http/Request))
#38 A:/XAMPP/htdocs/insure-lk/vendor/laravel/framework/src/Illuminate/Routing/Router.php(807): Illuminate/Pipeline/Pipeline->then(Object(Closure))
#39 A:/XAMPP/htdocs/insure-lk/vendor/laravel/framework/src/Illuminate/Routing/Router.php(786): Illuminate/Routing/Router->runRouteWithinStack(Object(Illuminate/Routing/Route), Object(Illuminate/Http/Request))
#40 A:/XAMPP/htdocs/insure-lk/vendor/laravel/framework/src/Illuminate/Routing/Router.php(750): Illuminate/Routing/Router->runRoute(Object(Illuminate/Http/Request), Object(Illuminate/Routing/Route))
#41 A:/XAMPP/htdocs/insure-lk/vendor/laravel/framework/src/Illuminate/Routing/Router.php(739): Illuminate/Routing/Router->dispatchToRoute(Object(Illuminate/Http/Request))
#42 A:/XAMPP/htdocs/insure-lk/vendor/laravel/framework/src/Illuminate/Foundation/Http/Kernel.php(201): Illuminate/Routing/Router->dispatch(Object(Illuminate/Http/Request))
#43 A:/XAMPP/htdocs/insure-lk/vendor/laravel/framework/src/Illuminate/Pipeline/Pipeline.php(170): Illuminate/Foundation/Http/Kernel->Illuminate/Foundation/Http/{closure}(Object(Illuminate/Http/Request))
#44 A:/XAMPP/htdocs/insure-lk/vendor/livewire/livewire/src/Features/SupportDisablingBackButtonCache/DisableBackButtonCacheMiddleware.php(19): Illuminate/Pipeline/Pipeline->Illuminate/Pipeline/{closure}(Object(Illuminate/Http/Request))
#45 A:/XAMPP/htdocs/insure-lk/vendor/laravel/framework/src/Illuminate/Pipeline/Pipeline.php(209): Livewire/Features/SupportDisablingBackButtonCache/DisableBackButtonCacheMiddleware->handle(Object(Illuminate/Http/Request), Object(Closure))
#46 A:/XAMPP/htdocs/insure-lk/vendor/laravel/framework/src/Illuminate/Foundation/Http/Middleware/TransformsRequest.php(21): Illuminate/Pipeline/Pipeline->Illuminate/Pipeline/{closure}(Object(Illuminate/Http/Request))
#47 A:/XAMPP/htdocs/insure-lk/vendor/laravel/framework/src/Illuminate/Foundation/Http/Middleware/ConvertEmptyStringsToNull.php(31): Illuminate/Foundation/Http/Middleware/TransformsRequest->handle(Object(Illuminate/Http/Request), Object(Closure))
#48 A:/XAMPP/htdocs/insure-lk/vendor/laravel/framework/src/Illuminate/Pipeline/Pipeline.php(209): Illuminate/Foundation/Http/Middleware/ConvertEmptyStringsToNull->handle(Object(Illuminate/Http/Request), Object(Closure))
#49 A:/XAMPP/htdocs/insure-lk/vendor/laravel/framework/src/Illuminate/Foundation/Http/Middleware/TransformsRequest.php(21): Illuminate/Pipeline/Pipeline->Illuminate/Pipeline/{closure}(Object(Illuminate/Http/Request))
#50 A:/XAMPP/htdocs/insure-lk/vendor/laravel/framework/src/Illuminate/Foundation/Http/Middleware/TrimStrings.php(51): Illuminate/Foundation/Http/Middleware/TransformsRequest->handle(Object(Illuminate/Http/Request), Object(Closure))
#51 A:/XAMPP/htdocs/insure-lk/vendor/laravel/framework/src/Illuminate/Pipeline/Pipeline.php(209): Illuminate/Foundation/Http/Middleware/TrimStrings->handle(Object(Illuminate/Http/Request), Object(Closure))
#52 A:/XAMPP/htdocs/insure-lk/vendor/laravel/framework/src/Illuminate/Http/Middleware/ValidatePostSize.php(27): Illuminate/Pipeline/Pipeline->Illuminate/Pipeline/{closure}(Object(Illuminate/Http/Request))
#53 A:/XAMPP/htdocs/insure-lk/vendor/laravel/framework/src/Illuminate/Pipeline/Pipeline.php(209): Illuminate/Http/Middleware/ValidatePostSize->handle(Object(Illuminate/Http/Request), Object(Closure))
#54 A:/XAMPP/htdocs/insure-lk/vendor/laravel/framework/src/Illuminate/Foundation/Http/Middleware/PreventRequestsDuringMaintenance.php(110): Illuminate/Pipeline/Pipeline->Illuminate/Pipeline/{closure}(Object(Illuminate/Http/Request))
#55 A:/XAMPP/htdocs/insure-lk/vendor/laravel/framework/src/Illuminate/Pipeline/Pipeline.php(209): Illuminate/Foundation/Http/Middleware/PreventRequestsDuringMaintenance->handle(Object(Illuminate/Http/Request), Object(Closure))
#56 A:/XAMPP/htdocs/insure-lk/vendor/laravel/framework/src/Illuminate/Http/Middleware/HandleCors.php(49): Illuminate/Pipeline/Pipeline->Illuminate/Pipeline/{closure}(Object(Illuminate/Http/Request))
#57 A:/XAMPP/htdocs/insure-lk/vendor/laravel/framework/src/Illuminate/Pipeline/Pipeline.php(209): Illuminate/Http/Middleware/HandleCors->handle(Object(Illuminate/Http/Request), Object(Closure))
#58 A:/XAMPP/htdocs/insure-lk/vendor/laravel/framework/src/Illuminate/Http/Middleware/TrustProxies.php(58): Illuminate/Pipeline/Pipeline->Illuminate/Pipeline/{closure}(Object(Illuminate/Http/Request))
#59 A:/XAMPP/htdocs/insure-lk/vendor/laravel/framework/src/Illuminate/Pipeline/Pipeline.php(209): Illuminate/Http/Middleware/TrustProxies->handle(Object(Illuminate/Http/Request), Object(Closure))
#60 A:/XAMPP/htdocs/insure-lk/vendor/laravel/framework/src/Illuminate/Foundation/Http/Middleware/InvokeDeferredCallbacks.php(22): Illuminate/Pipeline/Pipeline->Illuminate/Pipeline/{closure}(Object(Illuminate/Http/Request))
#61 A:/XAMPP/htdocs/insure-lk/vendor/laravel/framework/src/Illuminate/Pipeline/Pipeline.php(209): Illuminate/Foundation/Http/Middleware/InvokeDeferredCallbacks->handle(Object(Illuminate/Http/Request), Object(Closure))
#62 A:/XAMPP/htdocs/insure-lk/vendor/laravel/framework/src/Illuminate/Pipeline/Pipeline.php(127): Illuminate/Pipeline/Pipeline->Illuminate/Pipeline/{closure}(Object(Illuminate/Http/Request))
#63 A:/XAMPP/htdocs/insure-lk/vendor/laravel/framework/src/Illuminate/Foundation/Http/Kernel.php(176): Illuminate/Pipeline/Pipeline->then(Object(Closure))
#64 A:/XAMPP/htdocs/insure-lk/vendor/laravel/framework/src/Illuminate/Foundation/Http/Kernel.php(145): Illuminate/Foundation/Http/Kernel->sendRequestThroughRouter(Object(Illuminate/Http/Request))
#65 A:/XAMPP/htdocs/insure-lk/vendor/laravel/framework/src/Illuminate/Foundation/Application.php(1220): Illuminate/Foundation/Http/Kernel->handle(Object(Illuminate/Http/Request))
#66 A:/XAMPP/htdocs/insure-lk/public/index.php(9): Illuminate/Foundation/Application->handleRequest(Object(Illuminate/Http/Request))
#67 {main}

[previous exception] [object] (Error(code: 0): Class \"Str\" not found at A:/XAMPP/htdocs/insure-lk/storage/framework/views/62ca8768f696c0fca767f82ebeeb3cad.php:30)
[stacktrace]
#0 A:/XAMPP/htdocs/insure-lk/vendor/livewire/livewire/src/Mechanisms/ExtendBlade/ExtendedCompilerEngine.php(37): include()
#1 A:/XAMPP/htdocs/insure-lk/vendor/livewire/livewire/src/Mechanisms/ExtendBlade/ExtendedCompilerEngine.php(38): App/Livewire/Roles/RoleIndex->Livewire/Mechanisms/ExtendBlade/{closure}()
#2 A:/XAMPP/htdocs/insure-lk/vendor/laravel/framework/src/Illuminate/View/Engines/CompilerEngine.php(75): Livewire/Mechanisms/ExtendBlade/ExtendedCompilerEngine->evaluatePath('A://XAMPP//htdocs...', Array)
#3 A:/XAMPP/htdocs/insure-lk/vendor/livewire/livewire/src/Mechanisms/ExtendBlade/ExtendedCompilerEngine.php(16): Illuminate/View/Engines/CompilerEngine->get('A://XAMPP//htdocs...', Array)
#4 A:/XAMPP/htdocs/insure-lk/vendor/laravel/framework/src/Illuminate/View/View.php(209): Livewire/Mechanisms/ExtendBlade/ExtendedCompilerEngine->get('A://XAMPP//htdocs...', Array)
#5 A:/XAMPP/htdocs/insure-lk/vendor/laravel/framework/src/Illuminate/View/View.php(192): Illuminate/View/View->getContents()
#6 A:/XAMPP/htdocs/insure-lk/vendor/laravel/framework/src/Illuminate/View/View.php(161): Illuminate/View/View->renderContents()
#7 A:/XAMPP/htdocs/insure-lk/vendor/livewire/livewire/src/Mechanisms/HandleComponents/HandleComponents.php(282): Illuminate/View/View->render(Object(Closure))
#8 A:/XAMPP/htdocs/insure-lk/vendor/livewire/livewire/src/Mechanisms/HandleComponents/HandleComponents.php(326): Livewire/Mechanisms/HandleComponents/HandleComponents->Livewire/Mechanisms/HandleComponents/{closure}()
#9 A:/XAMPP/htdocs/insure-lk/vendor/livewire/livewire/src/Mechanisms/HandleComponents/HandleComponents.php(274): Livewire/Mechanisms/HandleComponents/HandleComponents->trackInRenderStack(Object(App/Livewire/Roles/RoleIndex), Object(Closure))
#10 A:/XAMPP/htdocs/insure-lk/vendor/livewire/livewire/src/Mechanisms/HandleComponents/HandleComponents.php(54): Livewire/Mechanisms/HandleComponents/HandleComponents->render(Object(App/Livewire/Roles/RoleIndex), '<div></div>')
#11 A:/XAMPP/htdocs/insure-lk/vendor/livewire/livewire/src/LivewireManager.php(73): Livewire/Mechanisms/HandleComponents/HandleComponents->mount('App//Livewire//Ro...', Array, NULL)
#12 A:/XAMPP/htdocs/insure-lk/vendor/livewire/livewire/src/Features/SupportPageComponents/HandlesPageComponents.php(17): Livewire/LivewireManager->mount('App//Livewire//Ro...', Array)
#13 A:/XAMPP/htdocs/insure-lk/vendor/livewire/livewire/src/Features/SupportPageComponents/SupportPageComponents.php(117): Livewire/Component->Livewire/Features/SupportPageComponents/{closure}()
#14 A:/XAMPP/htdocs/insure-lk/vendor/livewire/livewire/src/Features/SupportPageComponents/HandlesPageComponents.php(14): Livewire/Features/SupportPageComponents/SupportPageComponents::interceptTheRenderOfTheComponentAndRetreiveTheLayoutConfiguration(Object(Closure))
#15 A:/XAMPP/htdocs/insure-lk/vendor/laravel/framework/src/Illuminate/Routing/ControllerDispatcher.php(47): Livewire/Component->__invoke()
#16 A:/XAMPP/htdocs/insure-lk/vendor/laravel/framework/src/Illuminate/Routing/Route.php(266): Illuminate/Routing/ControllerDispatcher->dispatch(Object(Illuminate/Routing/Route), Object(App/Livewire/Roles/RoleIndex), '__invoke')
#17 A:/XAMPP/htdocs/insure-lk/vendor/laravel/framework/src/Illuminate/Routing/Route.php(212): Illuminate/Routing/Route->runController()
#18 A:/XAMPP/htdocs/insure-lk/vendor/laravel/framework/src/Illuminate/Routing/Router.php(808): Illuminate/Routing/Route->run()
#19 A:/XAMPP/htdocs/insure-lk/vendor/laravel/framework/src/Illuminate/Pipeline/Pipeline.php(170): Illuminate/Routing/Router->Illuminate/Routing/{closure}(Object(Illuminate/Http/Request))
#20 A:/XAMPP/htdocs/insure-lk/vendor/laravel/framework/src/Illuminate/Auth/Middleware/Authorize.php(60): Illuminate/Pipeline/Pipeline->Illuminate/Pipeline/{closure}(Object(Illuminate/Http/Request))
#21 A:/XAMPP/htdocs/insure-lk/vendor/laravel/framework/src/Illuminate/Pipeline/Pipeline.php(209): Illuminate/Auth/Middleware/Authorize->handle(Object(Illuminate/Http/Request), Object(Closure), 'roles.view')
#22 A:/XAMPP/htdocs/insure-lk/vendor/laravel/framework/src/Illuminate/Routing/Middleware/SubstituteBindings.php(51): Illuminate/Pipeline/Pipeline->Illuminate/Pipeline/{closure}(Object(Illuminate/Http/Request))
#23 A:/XAMPP/htdocs/insure-lk/vendor/laravel/framework/src/Illuminate/Pipeline/Pipeline.php(209): Illuminate/Routing/Middleware/SubstituteBindings->handle(Object(Illuminate/Http/Request), Object(Closure))
#24 A:/XAMPP/htdocs/insure-lk/vendor/laravel/framework/src/Illuminate/Auth/Middleware/Authenticate.php(64): Illuminate/Pipeline/Pipeline->Illuminate/Pipeline/{closure}(Object(Illuminate/Http/Request))
#25 A:/XAMPP/htdocs/insure-lk/vendor/laravel/framework/src/Illuminate/Pipeline/Pipeline.php(209): Illuminate/Auth/Middleware/Authenticate->handle(Object(Illuminate/Http/Request), Object(Closure))
#26 A:/XAMPP/htdocs/insure-lk/vendor/laravel/framework/src/Illuminate/Foundation/Http/Middleware/VerifyCsrfToken.php(88): Illuminate/Pipeline/Pipeline->Illuminate/Pipeline/{closure}(Object(Illuminate/Http/Request))
#27 A:/XAMPP/htdocs/insure-lk/vendor/laravel/framework/src/Illuminate/Pipeline/Pipeline.php(209): Illuminate/Foundation/Http/Middleware/VerifyCsrfToken->handle(Object(Illuminate/Http/Request), Object(Closure))
#28 A:/XAMPP/htdocs/insure-lk/vendor/laravel/framework/src/Illuminate/View/Middleware/ShareErrorsFromSession.php(49): Illuminate/Pipeline/Pipeline->Illuminate/Pipeline/{closure}(Object(Illuminate/Http/Request))
#29 A:/XAMPP/htdocs/insure-lk/vendor/laravel/framework/src/Illuminate/Pipeline/Pipeline.php(209): Illuminate/View/Middleware/ShareErrorsFromSession->handle(Object(Illuminate/Http/Request), Object(Closure))
#30 A:/XAMPP/htdocs/insure-lk/vendor/laravel/framework/src/Illuminate/Session/Middleware/StartSession.php(121): Illuminate/Pipeline/Pipeline->Illuminate/Pipeline/{closure}(Object(Illuminate/Http/Request))
#31 A:/XAMPP/htdocs/insure-lk/vendor/laravel/framework/src/Illuminate/Session/Middleware/StartSession.php(64): Illuminate/Session/Middleware/StartSession->handleStatefulRequest(Object(Illuminate/Http/Request), Object(Illuminate/Session/Store), Object(Closure))
#32 A:/XAMPP/htdocs/insure-lk/vendor/laravel/framework/src/Illuminate/Pipeline/Pipeline.php(209): Illuminate/Session/Middleware/StartSession->handle(Object(Illuminate/Http/Request), Object(Closure))
#33 A:/XAMPP/htdocs/insure-lk/vendor/laravel/framework/src/Illuminate/Cookie/Middleware/AddQueuedCookiesToResponse.php(37): Illuminate/Pipeline/Pipeline->Illuminate/Pipeline/{closure}(Object(Illuminate/Http/Request))
#34 A:/XAMPP/htdocs/insure-lk/vendor/laravel/framework/src/Illuminate/Pipeline/Pipeline.php(209): Illuminate/Cookie/Middleware/AddQueuedCookiesToResponse->handle(Object(Illuminate/Http/Request), Object(Closure))
#35 A:/XAMPP/htdocs/insure-lk/vendor/laravel/framework/src/Illuminate/Cookie/Middleware/EncryptCookies.php(75): Illuminate/Pipeline/Pipeline->Illuminate/Pipeline/{closure}(Object(Illuminate/Http/Request))
#36 A:/XAMPP/htdocs/insure-lk/vendor/laravel/framework/src/Illuminate/Pipeline/Pipeline.php(209): Illuminate/Cookie/Middleware/EncryptCookies->handle(Object(Illuminate/Http/Request), Object(Closure))
#37 A:/XAMPP/htdocs/insure-lk/vendor/laravel/framework/src/Illuminate/Pipeline/Pipeline.php(127): Illuminate/Pipeline/Pipeline->Illuminate/Pipeline/{closure}(Object(Illuminate/Http/Request))
#38 A:/XAMPP/htdocs/insure-lk/vendor/laravel/framework/src/Illuminate/Routing/Router.php(807): Illuminate/Pipeline/Pipeline->then(Object(Closure))
#39 A:/XAMPP/htdocs/insure-lk/vendor/laravel/framework/src/Illuminate/Routing/Router.php(786): Illuminate/Routing/Router->runRouteWithinStack(Object(Illuminate/Routing/Route), Object(Illuminate/Http/Request))
#40 A:/XAMPP/htdocs/insure-lk/vendor/laravel/framework/src/Illuminate/Routing/Router.php(750): Illuminate/Routing/Router->runRoute(Object(Illuminate/Http/Request), Object(Illuminate/Routing/Route))
#41 A:/XAMPP/htdocs/insure-lk/vendor/laravel/framework/src/Illuminate/Routing/Router.php(739): Illuminate/Routing/Router->dispatchToRoute(Object(Illuminate/Http/Request))
#42 A:/XAMPP/htdocs/insure-lk/vendor/laravel/framework/src/Illuminate/Foundation/Http/Kernel.php(201): Illuminate/Routing/Router->dispatch(Object(Illuminate/Http/Request))
#43 A:/XAMPP/htdocs/insure-lk/vendor/laravel/framework/src/Illuminate/Pipeline/Pipeline.php(170): Illuminate/Foundation/Http/Kernel->Illuminate/Foundation/Http/{closure}(Object(Illuminate/Http/Request))
#44 A:/XAMPP/htdocs/insure-lk/vendor/livewire/livewire/src/Features/SupportDisablingBackButtonCache/DisableBackButtonCacheMiddleware.php(19): Illuminate/Pipeline/Pipeline->Illuminate/Pipeline/{closure}(Object(Illuminate/Http/Request))
#45 A:/XAMPP/htdocs/insure-lk/vendor/laravel/framework/src/Illuminate/Pipeline/Pipeline.php(209): Livewire/Features/SupportDisablingBackButtonCache/DisableBackButtonCacheMiddleware->handle(Object(Illuminate/Http/Request), Object(Closure))
#46 A:/XAMPP/htdocs/insure-lk/vendor/laravel/framework/src/Illuminate/Foundation/Http/Middleware/TransformsRequest.php(21): Illuminate/Pipeline/Pipeline->Illuminate/Pipeline/{closure}(Object(Illuminate/Http/Request))
#47 A:/XAMPP/htdocs/insure-lk/vendor/laravel/framework/src/Illuminate/Foundation/Http/Middleware/ConvertEmptyStringsToNull.php(31): Illuminate/Foundation/Http/Middleware/TransformsRequest->handle(Object(Illuminate/Http/Request), Object(Closure))
#48 A:/XAMPP/htdocs/insure-lk/vendor/laravel/framework/src/Illuminate/Pipeline/Pipeline.php(209): Illuminate/Foundation/Http/Middleware/ConvertEmptyStringsToNull->handle(Object(Illuminate/Http/Request), Object(Closure))
#49 A:/XAMPP/htdocs/insure-lk/vendor/laravel/framework/src/Illuminate/Foundation/Http/Middleware/TransformsRequest.php(21): Illuminate/Pipeline/Pipeline->Illuminate/Pipeline/{closure}(Object(Illuminate/Http/Request))
#50 A:/XAMPP/htdocs/insure-lk/vendor/laravel/framework/src/Illuminate/Foundation/Http/Middleware/TrimStrings.php(51): Illuminate/Foundation/Http/Middleware/TransformsRequest->handle(Object(Illuminate/Http/Request), Object(Closure))
#51 A:/XAMPP/htdocs/insure-lk/vendor/laravel/framework/src/Illuminate/Pipeline/Pipeline.php(209): Illuminate/Foundation/Http/Middleware/TrimStrings->handle(Object(Illuminate/Http/Request), Object(Closure))
#52 A:/XAMPP/htdocs/insure-lk/vendor/laravel/framework/src/Illuminate/Http/Middleware/ValidatePostSize.php(27): Illuminate/Pipeline/Pipeline->Illuminate/Pipeline/{closure}(Object(Illuminate/Http/Request))
#53 A:/XAMPP/htdocs/insure-lk/vendor/laravel/framework/src/Illuminate/Pipeline/Pipeline.php(209): Illuminate/Http/Middleware/ValidatePostSize->handle(Object(Illuminate/Http/Request), Object(Closure))
#54 A:/XAMPP/htdocs/insure-lk/vendor/laravel/framework/src/Illuminate/Foundation/Http/Middleware/PreventRequestsDuringMaintenance.php(110): Illuminate/Pipeline/Pipeline->Illuminate/Pipeline/{closure}(Object(Illuminate/Http/Request))
#55 A:/XAMPP/htdocs/insure-lk/vendor/laravel/framework/src/Illuminate/Pipeline/Pipeline.php(209): Illuminate/Foundation/Http/Middleware/PreventRequestsDuringMaintenance->handle(Object(Illuminate/Http/Request), Object(Closure))
#56 A:/XAMPP/htdocs/insure-lk/vendor/laravel/framework/src/Illuminate/Http/Middleware/HandleCors.php(49): Illuminate/Pipeline/Pipeline->Illuminate/Pipeline/{closure}(Object(Illuminate/Http/Request))
#57 A:/XAMPP/htdocs/insure-lk/vendor/laravel/framework/src/Illuminate/Pipeline/Pipeline.php(209): Illuminate/Http/Middleware/HandleCors->handle(Object(Illuminate/Http/Request), Object(Closure))
#58 A:/XAMPP/htdocs/insure-lk/vendor/laravel/framework/src/Illuminate/Http/Middleware/TrustProxies.php(58): Illuminate/Pipeline/Pipeline->Illuminate/Pipeline/{closure}(Object(Illuminate/Http/Request))
#59 A:/XAMPP/htdocs/insure-lk/vendor/laravel/framework/src/Illuminate/Pipeline/Pipeline.php(209): Illuminate/Http/Middleware/TrustProxies->handle(Object(Illuminate/Http/Request), Object(Closure))
#60 A:/XAMPP/htdocs/insure-lk/vendor/laravel/framework/src/Illuminate/Foundation/Http/Middleware/InvokeDeferredCallbacks.php(22): Illuminate/Pipeline/Pipeline->Illuminate/Pipeline/{closure}(Object(Illuminate/Http/Request))
#61 A:/XAMPP/htdocs/insure-lk/vendor/laravel/framework/src/Illuminate/Pipeline/Pipeline.php(209): Illuminate/Foundation/Http/Middleware/InvokeDeferredCallbacks->handle(Object(Illuminate/Http/Request), Object(Closure))
#62 A:/XAMPP/htdocs/insure-lk/vendor/laravel/framework/src/Illuminate/Pipeline/Pipeline.php(127): Illuminate/Pipeline/Pipeline->Illuminate/Pipeline/{closure}(Object(Illuminate/Http/Request))
#63 A:/XAMPP/htdocs/insure-lk/vendor/laravel/framework/src/Illuminate/Foundation/Http/Kernel.php(176): Illuminate/Pipeline/Pipeline->then(Object(Closure))
#64 A:/XAMPP/htdocs/insure-lk/vendor/laravel/framework/src/Illuminate/Foundation/Http/Kernel.php(145): Illuminate/Foundation/Http/Kernel->sendRequestThroughRouter(Object(Illuminate/Http/Request))
#65 A:/XAMPP/htdocs/insure-lk/vendor/laravel/framework/src/Illuminate/Foundation/Application.php(1220): Illuminate/Foundation/Http/Kernel->handle(Object(Illuminate/Http/Request))
#66 A:/XAMPP/htdocs/insure-lk/public/index.php(9): Illuminate/Foundation/Application->handleRequest(Object(Illuminate/Http/Request))
#67 {main}
"} 
[2026-07-07 01:02:22] local.ERROR: SQLSTATE[23000]: Integrity constraint violation: 1451 Cannot delete or update a parent row: a foreign key constraint fails (`insure_lk`.`policies`, CONSTRAINT `policies_product_id_foreign` FOREIGN KEY (`product_id`) REFERENCES `products` (`id`)) (Connection: mysql, SQL: delete from `products` where `code` = property) {"exception":"[object] (Illuminate\\Database\\QueryException(code: 23000): SQLSTATE[23000]: Integrity constraint violation: 1451 Cannot delete or update a parent row: a foreign key constraint fails (`insure_lk`.`policies`, CONSTRAINT `policies_product_id_foreign` FOREIGN KEY (`product_id`) REFERENCES `products` (`id`)) (Connection: mysql, SQL: delete from `products` where `code` = property) at A:/XAMPP/htdocs/insure-lk/vendor/laravel/framework/src/Illuminate/Database/Connection.php:825)
[stacktrace]
#0 A:/XAMPP/htdocs/insure-lk/vendor/laravel/framework/src/Illuminate/Database/Connection.php(779): Illuminate/Database/Connection->runQueryCallback('delete from `pr...', Array, Object(Closure))
#1 A:/XAMPP/htdocs/insure-lk/vendor/laravel/framework/src/Illuminate/Database/Connection.php(584): Illuminate/Database/Connection->run('delete from `pr...', Array, Object(Closure))
#2 A:/XAMPP/htdocs/insure-lk/vendor/laravel/framework/src/Illuminate/Database/Connection.php(548): Illuminate/Database/Connection->affectingStatement('delete from `pr...', Array)
#3 A:/XAMPP/htdocs/insure-lk/vendor/laravel/framework/src/Illuminate/Database/Query/Builder.php(4024): Illuminate/Database/Connection->delete('delete from `pr...', Array)
#4 A:/XAMPP/htdocs/insure-lk/vendor/laravel/framework/src/Illuminate/Database/Eloquent/Builder.php(1387): Illuminate/Database/Query/Builder->delete()
#5 A:/XAMPP/htdocs/insure-lk/database/seeders/ProductsConstructorSeeder.php(39): Illuminate/Database/Eloquent/Builder->delete()
#6 A:/XAMPP/htdocs/insure-lk/database/seeders/ProductsConstructorSeeder.php(16): Database/Seeders/ProductsConstructorSeeder->seedStrahuNet()
#7 A:/XAMPP/htdocs/insure-lk/vendor/laravel/framework/src/Illuminate/Container/BoundMethod.php(36): Database/Seeders/ProductsConstructorSeeder->run()
#8 A:/XAMPP/htdocs/insure-lk/vendor/laravel/framework/src/Illuminate/Container/Util.php(43): Illuminate/Container/BoundMethod::Illuminate/Container/{closure}()
#9 A:/XAMPP/htdocs/insure-lk/vendor/laravel/framework/src/Illuminate/Container/BoundMethod.php(95): Illuminate/Container/Util::unwrapIfClosure(Object(Closure))
#10 A:/XAMPP/htdocs/insure-lk/vendor/laravel/framework/src/Illuminate/Container/BoundMethod.php(35): Illuminate/Container/BoundMethod::callBoundMethod(Object(Illuminate/Foundation/Application), Array, Object(Closure))
#11 A:/XAMPP/htdocs/insure-lk/vendor/laravel/framework/src/Illuminate/Container/Container.php(696): Illuminate/Container/BoundMethod::call(Object(Illuminate/Foundation/Application), Array, Array, NULL)
#12 A:/XAMPP/htdocs/insure-lk/vendor/laravel/framework/src/Illuminate/Database/Seeder.php(188): Illuminate/Container/Container->call(Array, Array)
#13 A:/XAMPP/htdocs/insure-lk/vendor/laravel/framework/src/Illuminate/Database/Seeder.php(197): Illuminate/Database/Seeder->Illuminate/Database/{closure}()
#14 A:/XAMPP/htdocs/insure-lk/vendor/laravel/framework/src/Illuminate/Database/Console/Seeds/SeedCommand.php(70): Illuminate/Database/Seeder->__invoke()
#15 A:/XAMPP/htdocs/insure-lk/vendor/laravel/framework/src/Illuminate/Database/Eloquent/Concerns/GuardsAttributes.php(155): Illuminate/Database/Console/Seeds/SeedCommand->Illuminate/Database/Console/Seeds/{closure}()
#16 A:/XAMPP/htdocs/insure-lk/vendor/laravel/framework/src/Illuminate/Database/Console/Seeds/SeedCommand.php(69): Illuminate/Database/Eloquent/Model::unguarded(Object(Closure))
#17 A:/XAMPP/htdocs/insure-lk/vendor/laravel/framework/src/Illuminate/Container/BoundMethod.php(36): Illuminate/Database/Console/Seeds/SeedCommand->handle()
#18 A:/XAMPP/htdocs/insure-lk/vendor/laravel/framework/src/Illuminate/Container/Util.php(43): Illuminate/Container/BoundMethod::Illuminate/Container/{closure}()
#19 A:/XAMPP/htdocs/insure-lk/vendor/laravel/framework/src/Illuminate/Container/BoundMethod.php(95): Illuminate/Container/Util::unwrapIfClosure(Object(Closure))
#20 A:/XAMPP/htdocs/insure-lk/vendor/laravel/framework/src/Illuminate/Container/BoundMethod.php(35): Illuminate/Container/BoundMethod::callBoundMethod(Object(Illuminate/Foundation/Application), Array, Object(Closure))
#21 A:/XAMPP/htdocs/insure-lk/vendor/laravel/framework/src/Illuminate/Container/Container.php(696): Illuminate/Container/BoundMethod::call(Object(Illuminate/Foundation/Application), Array, Array, NULL)
#22 A:/XAMPP/htdocs/insure-lk/vendor/laravel/framework/src/Illuminate/Console/Command.php(213): Illuminate/Container/Container->call(Array)
#23 A:/XAMPP/htdocs/insure-lk/vendor/symfony/console/Command/Command.php(341): Illuminate/Console/Command->execute(Object(Symfony/Component/Console/Input/ArgvInput), Object(Illuminate/Console/OutputStyle))
#24 A:/XAMPP/htdocs/insure-lk/vendor/laravel/framework/src/Illuminate/Console/Command.php(182): Symfony/Component/Console/Command/Command->run(Object(Symfony/Component/Console/Input/ArgvInput), Object(Illuminate/Console/OutputStyle))
#25 A:/XAMPP/htdocs/insure-lk/vendor/symfony/console/Application.php(1117): Illuminate/Console/Command->run(Object(Symfony/Component/Console/Input/ArgvInput), Object(Symfony/Component/Console/Output/ConsoleOutput))
#26 A:/XAMPP/htdocs/insure-lk/vendor/symfony/console/Application.php(356): Symfony/Component/Console/Application->doRunCommand(Object(Illuminate/Database/Console/Seeds/SeedCommand), Object(Symfony/Component/Console/Input/ArgvInput), Object(Symfony/Component/Console/Output/ConsoleOutput))
#27 A:/XAMPP/htdocs/insure-lk/vendor/symfony/console/Application.php(195): Symfony/Component/Console/Application->doRun(Object(Symfony/Component/Console/Input/ArgvInput), Object(Symfony/Component/Console/Output/ConsoleOutput))
#28 A:/XAMPP/htdocs/insure-lk/vendor/laravel/framework/src/Illuminate/Foundation/Console/Kernel.php(198): Symfony/Component/Console/Application->run(Object(Symfony/Component/Console/Input/ArgvInput), Object(Symfony/Component/Console/Output/ConsoleOutput))
#29 A:/XAMPP/htdocs/insure-lk/vendor/laravel/framework/src/Illuminate/Foundation/Application.php(1235): Illuminate/Foundation/Console/Kernel->handle(Object(Symfony/Component/Console/Input/ArgvInput), Object(Symfony/Component/Console/Output/ConsoleOutput))
#30 A:/XAMPP/htdocs/insure-lk/artisan(16): Illuminate/Foundation/Application->handleCommand(Object(Symfony/Component/Console/Input/ArgvInput))
#31 {main}

[previous exception] [object] (PDOException(code: 23000): SQLSTATE[23000]: Integrity constraint violation: 1451 Cannot delete or update a parent row: a foreign key constraint fails (`insure_lk`.`policies`, CONSTRAINT `policies_product_id_foreign` FOREIGN KEY (`product_id`) REFERENCES `products` (`id`)) at A:/XAMPP/htdocs/insure-lk/vendor/laravel/framework/src/Illuminate/Database/Connection.php:596)
[stacktrace]
#0 A:/XAMPP/htdocs/insure-lk/vendor/laravel/framework/src/Illuminate/Database/Connection.php(596): PDOStatement->execute()
#1 A:/XAMPP/htdocs/insure-lk/vendor/laravel/framework/src/Illuminate/Database/Connection.php(812): Illuminate/Database/Connection->Illuminate/Database/{closure}('delete from `pr...', Array)
#2 A:/XAMPP/htdocs/insure-lk/vendor/laravel/framework/src/Illuminate/Database/Connection.php(779): Illuminate/Database/Connection->runQueryCallback('delete from `pr...', Array, Object(Closure))
#3 A:/XAMPP/htdocs/insure-lk/vendor/laravel/framework/src/Illuminate/Database/Connection.php(584): Illuminate/Database/Connection->run('delete from `pr...', Array, Object(Closure))
#4 A:/XAMPP/htdocs/insure-lk/vendor/laravel/framework/src/Illuminate/Database/Connection.php(548): Illuminate/Database/Connection->affectingStatement('delete from `pr...', Array)
#5 A:/XAMPP/htdocs/insure-lk/vendor/laravel/framework/src/Illuminate/Database/Query/Builder.php(4024): Illuminate/Database/Connection->delete('delete from `pr...', Array)
#6 A:/XAMPP/htdocs/insure-lk/vendor/laravel/framework/src/Illuminate/Database/Eloquent/Builder.php(1387): Illuminate/Database/Query/Builder->delete()
#7 A:/XAMPP/htdocs/insure-lk/database/seeders/ProductsConstructorSeeder.php(39): Illuminate/Database/Eloquent/Builder->delete()
#8 A:/XAMPP/htdocs/insure-lk/database/seeders/ProductsConstructorSeeder.php(16): Database/Seeders/ProductsConstructorSeeder->seedStrahuNet()
#9 A:/XAMPP/htdocs/insure-lk/vendor/laravel/framework/src/Illuminate/Container/BoundMethod.php(36): Database/Seeders/ProductsConstructorSeeder->run()
#10 A:/XAMPP/htdocs/insure-lk/vendor/laravel/framework/src/Illuminate/Container/Util.php(43): Illuminate/Container/BoundMethod::Illuminate/Container/{closure}()
#11 A:/XAMPP/htdocs/insure-lk/vendor/laravel/framework/src/Illuminate/Container/BoundMethod.php(95): Illuminate/Container/Util::unwrapIfClosure(Object(Closure))
#12 A:/XAMPP/htdocs/insure-lk/vendor/laravel/framework/src/Illuminate/Container/BoundMethod.php(35): Illuminate/Container/BoundMethod::callBoundMethod(Object(Illuminate/Foundation/Application), Array, Object(Closure))
#13 A:/XAMPP/htdocs/insure-lk/vendor/laravel/framework/src/Illuminate/Container/Container.php(696): Illuminate/Container/BoundMethod::call(Object(Illuminate/Foundation/Application), Array, Array, NULL)
#14 A:/XAMPP/htdocs/insure-lk/vendor/laravel/framework/src/Illuminate/Database/Seeder.php(188): Illuminate/Container/Container->call(Array, Array)
#15 A:/XAMPP/htdocs/insure-lk/vendor/laravel/framework/src/Illuminate/Database/Seeder.php(197): Illuminate/Database/Seeder->Illuminate/Database/{closure}()
#16 A:/XAMPP/htdocs/insure-lk/vendor/laravel/framework/src/Illuminate/Database/Console/Seeds/SeedCommand.php(70): Illuminate/Database/Seeder->__invoke()
#17 A:/XAMPP/htdocs/insure-lk/vendor/laravel/framework/src/Illuminate/Database/Eloquent/Concerns/GuardsAttributes.php(155): Illuminate/Database/Console/Seeds/SeedCommand->Illuminate/Database/Console/Seeds/{closure}()
#18 A:/XAMPP/htdocs/insure-lk/vendor/laravel/framework/src/Illuminate/Database/Console/Seeds/SeedCommand.php(69): Illuminate/Database/Eloquent/Model::unguarded(Object(Closure))
#19 A:/XAMPP/htdocs/insure-lk/vendor/laravel/framework/src/Illuminate/Container/BoundMethod.php(36): Illuminate/Database/Console/Seeds/SeedCommand->handle()
#20 A:/XAMPP/htdocs/insure-lk/vendor/laravel/framework/src/Illuminate/Container/Util.php(43): Illuminate/Container/BoundMethod::Illuminate/Container/{closure}()
#21 A:/XAMPP/htdocs/insure-lk/vendor/laravel/framework/src/Illuminate/Container/BoundMethod.php(95): Illuminate/Container/Util::unwrapIfClosure(Object(Closure))
#22 A:/XAMPP/htdocs/insure-lk/vendor/laravel/framework/src/Illuminate/Container/BoundMethod.php(35): Illuminate/Container/BoundMethod::callBoundMethod(Object(Illuminate/Foundation/Application), Array, Object(Closure))
#23 A:/XAMPP/htdocs/insure-lk/vendor/laravel/framework/src/Illuminate/Container/Container.php(696): Illuminate/Container/BoundMethod::call(Object(Illuminate/Foundation/Application), Array, Array, NULL)
#24 A:/XAMPP/htdocs/insure-lk/vendor/laravel/framework/src/Illuminate/Console/Command.php(213): Illuminate/Container/Container->call(Array)
#25 A:/XAMPP/htdocs/insure-lk/vendor/symfony/console/Command/Command.php(341): Illuminate/Console/Command->execute(Object(Symfony/Component/Console/Input/ArgvInput), Object(Illuminate/Console/OutputStyle))
#26 A:/XAMPP/htdocs/insure-lk/vendor/laravel/framework/src/Illuminate/Console/Command.php(182): Symfony/Component/Console/Command/Command->run(Object(Symfony/Component/Console/Input/ArgvInput), Object(Illuminate/Console/OutputStyle))
#27 A:/XAMPP/htdocs/insure-lk/vendor/symfony/console/Application.php(1117): Illuminate/Console/Command->run(Object(Symfony/Component/Console/Input/ArgvInput), Object(Symfony/Component/Console/Output/ConsoleOutput))
#28 A:/XAMPP/htdocs/insure-lk/vendor/symfony/console/Application.php(356): Symfony/Component/Console/Application->doRunCommand(Object(Illuminate/Database/Console/Seeds/SeedCommand), Object(Symfony/Component/Console/Input/ArgvInput), Object(Symfony/Component/Console/Output/ConsoleOutput))
#29 A:/XAMPP/htdocs/insure-lk/vendor/symfony/console/Application.php(195): Symfony/Component/Console/Application->doRun(Object(Symfony/Component/Console/Input/ArgvInput), Object(Symfony/Component/Console/Output/ConsoleOutput))
#30 A:/XAMPP/htdocs/insure-lk/vendor/laravel/framework/src/Illuminate/Foundation/Console/Kernel.php(198): Symfony/Component/Console/Application->run(Object(Symfony/Component/Console/Input/ArgvInput), Object(Symfony/Component/Console/Output/ConsoleOutput))
#31 A:/XAMPP/htdocs/insure-lk/vendor/laravel/framework/src/Illuminate/Foundation/Application.php(1235): Illuminate/Foundation/Console/Kernel->handle(Object(Symfony/Component/Console/Input/ArgvInput), Object(Symfony/Component/Console/Output/ConsoleOutput))
#32 A:/XAMPP/htdocs/insure-lk/artisan(16): Illuminate/Foundation/Application->handleCommand(Object(Symfony/Component/Console/Input/ArgvInput))
#33 {main}
"} 
[2026-07-07 01:08:30] local.ERROR: in_array(): Argument #2 ($haystack) must be of type array, bool given {"userId":1,"exception":"[object] (TypeError(code: 0): in_array(): Argument #2 ($haystack) must be of type array, bool given at A:/XAMPP/htdocs/insure-lk/app/Services/ProductCalculators/MortgageCalculator.php:69)
[stacktrace]
#0 A:/XAMPP/htdocs/insure-lk/app/Services/ProductCalculators/MortgageCalculator.php(69): in_array('life', true)
#1 A:/XAMPP/htdocs/insure-lk/app/Livewire/Policies/PolicyForm.php(27): App/Services/ProductCalculators/MortgageCalculator->calculate(Array)
#2 A:/XAMPP/htdocs/insure-lk/app/Livewire/Policies/PolicyForm.php(22): App/Livewire/Policies/PolicyForm->calculate()
#3 A:/XAMPP/htdocs/insure-lk/vendor/laravel/framework/src/Illuminate/Container/BoundMethod.php(36): App/Livewire/Policies/PolicyForm->updated('data.risks', true)
#4 A:/XAMPP/htdocs/insure-lk/vendor/laravel/framework/src/Illuminate/Container/Util.php(43): Illuminate/Container/BoundMethod::Illuminate/Container/{closure}()
#5 A:/XAMPP/htdocs/insure-lk/vendor/laravel/framework/src/Illuminate/Container/BoundMethod.php(95): Illuminate/Container/Util::unwrapIfClosure(Object(Closure))
#6 A:/XAMPP/htdocs/insure-lk/vendor/laravel/framework/src/Illuminate/Container/BoundMethod.php(35): Illuminate/Container/BoundMethod::callBoundMethod(Object(Illuminate/Foundation/Application), Array, Object(Closure))
#7 A:/XAMPP/htdocs/insure-lk/vendor/livewire/livewire/src/Wrapped.php(23): Illuminate/Container/BoundMethod::call(Object(Illuminate/Foundation/Application), Array, Array)
#8 A:/XAMPP/htdocs/insure-lk/vendor/livewire/livewire/src/Features/SupportLifecycleHooks/SupportLifecycleHooks.php(134): Livewire/Wrapped->__call('updated', Array)
#9 A:/XAMPP/htdocs/insure-lk/vendor/livewire/livewire/src/Features/SupportLifecycleHooks/SupportLifecycleHooks.php(75): Livewire/Features/SupportLifecycleHooks/SupportLifecycleHooks->callHook('updated', Array)
#10 A:/XAMPP/htdocs/insure-lk/vendor/livewire/livewire/src/ComponentHook.php(33): Livewire/Features/SupportLifecycleHooks/SupportLifecycleHooks->Livewire/Features/SupportLifecycleHooks/{closure}(NULL)
#11 A:/XAMPP/htdocs/insure-lk/vendor/livewire/livewire/src/ComponentHookRegistry.php(115): Livewire/ComponentHook->Livewire/{closure}(NULL)
#12 A:/XAMPP/htdocs/insure-lk/vendor/livewire/livewire/src/EventBus.php(73): Livewire/ComponentHookRegistry::Livewire/{closure}(NULL)
#13 A:/XAMPP/htdocs/insure-lk/vendor/livewire/livewire/src/Mechanisms/HandleComponents/HandleComponents.php(345): Livewire/EventBus->Livewire/{closure}()
#14 A:/XAMPP/htdocs/insure-lk/vendor/livewire/livewire/src/Mechanisms/HandleComponents/HandleComponents.php(121): Livewire/Mechanisms/HandleComponents/HandleComponents->updateProperties(Object(App/Livewire/Policies/PolicyForm), Array, Array, Object(Livewire/Mechanisms/HandleComponents/ComponentContext))
#15 A:/XAMPP/htdocs/insure-lk/vendor/livewire/livewire/src/LivewireManager.php(102): Livewire/Mechanisms/HandleComponents/HandleComponents->update(Array, Array, Array)
#16 A:/XAMPP/htdocs/insure-lk/vendor/livewire/livewire/src/Mechanisms/HandleRequests/HandleRequests.php(144): Livewire/LivewireManager->update(Array, Array, Array)
#17 A:/XAMPP/htdocs/insure-lk/vendor/laravel/framework/src/Illuminate/Routing/ControllerDispatcher.php(47): Livewire/Mechanisms/HandleRequests/HandleRequests->handleUpdate()
#18 A:/XAMPP/htdocs/insure-lk/vendor/laravel/framework/src/Illuminate/Routing/Route.php(266): Illuminate/Routing/ControllerDispatcher->dispatch(Object(Illuminate/Routing/Route), Object(Livewire/Mechanisms/HandleRequests/HandleRequests), 'handleUpdate')
#19 A:/XAMPP/htdocs/insure-lk/vendor/laravel/framework/src/Illuminate/Routing/Route.php(212): Illuminate/Routing/Route->runController()
#20 A:/XAMPP/htdocs/insure-lk/vendor/laravel/framework/src/Illuminate/Routing/Router.php(808): Illuminate/Routing/Route->run()
#21 A:/XAMPP/htdocs/insure-lk/vendor/laravel/framework/src/Illuminate/Pipeline/Pipeline.php(170): Illuminate/Routing/Router->Illuminate/Routing/{closure}(Object(Illuminate/Http/Request))
#22 A:/XAMPP/htdocs/insure-lk/vendor/laravel/framework/src/Illuminate/Routing/Middleware/SubstituteBindings.php(51): Illuminate/Pipeline/Pipeline->Illuminate/Pipeline/{closure}(Object(Illuminate/Http/Request))
#23 A:/XAMPP/htdocs/insure-lk/vendor/laravel/framework/src/Illuminate/Pipeline/Pipeline.php(209): Illuminate/Routing/Middleware/SubstituteBindings->handle(Object(Illuminate/Http/Request), Object(Closure))
#24 A:/XAMPP/htdocs/insure-lk/vendor/laravel/framework/src/Illuminate/Foundation/Http/Middleware/VerifyCsrfToken.php(88): Illuminate/Pipeline/Pipeline->Illuminate/Pipeline/{closure}(Object(Illuminate/Http/Request))
#25 A:/XAMPP/htdocs/insure-lk/vendor/laravel/framework/src/Illuminate/Pipeline/Pipeline.php(209): Illuminate/Foundation/Http/Middleware/VerifyCsrfToken->handle(Object(Illuminate/Http/Request), Object(Closure))
#26 A:/XAMPP/htdocs/insure-lk/vendor/laravel/framework/src/Illuminate/View/Middleware/ShareErrorsFromSession.php(49): Illuminate/Pipeline/Pipeline->Illuminate/Pipeline/{closure}(Object(Illuminate/Http/Request))
#27 A:/XAMPP/htdocs/insure-lk/vendor/laravel/framework/src/Illuminate/Pipeline/Pipeline.php(209): Illuminate/View/Middleware/ShareErrorsFromSession->handle(Object(Illuminate/Http/Request), Object(Closure))
#28 A:/XAMPP/htdocs/insure-lk/vendor/laravel/framework/src/Illuminate/Session/Middleware/StartSession.php(121): Illuminate/Pipeline/Pipeline->Illuminate/Pipeline/{closure}(Object(Illuminate/Http/Request))
#29 A:/XAMPP/htdocs/insure-lk/vendor/laravel/framework/src/Illuminate/Session/Middleware/StartSession.php(64): Illuminate/Session/Middleware/StartSession->handleStatefulRequest(Object(Illuminate/Http/Request), Object(Illuminate/Session/Store), Object(Closure))
#30 A:/XAMPP/htdocs/insure-lk/vendor/laravel/framework/src/Illuminate/Pipeline/Pipeline.php(209): Illuminate/Session/Middleware/StartSession->handle(Object(Illuminate/Http/Request), Object(Closure))
#31 A:/XAMPP/htdocs/insure-lk/vendor/laravel/framework/src/Illuminate/Cookie/Middleware/AddQueuedCookiesToResponse.php(37): Illuminate/Pipeline/Pipeline->Illuminate/Pipeline/{closure}(Object(Illuminate/Http/Request))
#32 A:/XAMPP/htdocs/insure-lk/vendor/laravel/framework/src/Illuminate/Pipeline/Pipeline.php(209): Illuminate/Cookie/Middleware/AddQueuedCookiesToResponse->handle(Object(Illuminate/Http/Request), Object(Closure))
#33 A:/XAMPP/htdocs/insure-lk/vendor/laravel/framework/src/Illuminate/Cookie/Middleware/EncryptCookies.php(75): Illuminate/Pipeline/Pipeline->Illuminate/Pipeline/{closure}(Object(Illuminate/Http/Request))
#34 A:/XAMPP/htdocs/insure-lk/vendor/laravel/framework/src/Illuminate/Pipeline/Pipeline.php(209): Illuminate/Cookie/Middleware/EncryptCookies->handle(Object(Illuminate/Http/Request), Object(Closure))
#35 A:/XAMPP/htdocs/insure-lk/vendor/laravel/framework/src/Illuminate/Pipeline/Pipeline.php(127): Illuminate/Pipeline/Pipeline->Illuminate/Pipeline/{closure}(Object(Illuminate/Http/Request))
#36 A:/XAMPP/htdocs/insure-lk/vendor/laravel/framework/src/Illuminate/Routing/Router.php(807): Illuminate/Pipeline/Pipeline->then(Object(Closure))
#37 A:/XAMPP/htdocs/insure-lk/vendor/laravel/framework/src/Illuminate/Routing/Router.php(786): Illuminate/Routing/Router->runRouteWithinStack(Object(Illuminate/Routing/Route), Object(Illuminate/Http/Request))
#38 A:/XAMPP/htdocs/insure-lk/vendor/laravel/framework/src/Illuminate/Routing/Router.php(750): Illuminate/Routing/Router->runRoute(Object(Illuminate/Http/Request), Object(Illuminate/Routing/Route))
#39 A:/XAMPP/htdocs/insure-lk/vendor/laravel/framework/src/Illuminate/Routing/Router.php(739): Illuminate/Routing/Router->dispatchToRoute(Object(Illuminate/Http/Request))
#40 A:/XAMPP/htdocs/insure-lk/vendor/laravel/framework/src/Illuminate/Foundation/Http/Kernel.php(201): Illuminate/Routing/Router->dispatch(Object(Illuminate/Http/Request))
#41 A:/XAMPP/htdocs/insure-lk/vendor/laravel/framework/src/Illuminate/Pipeline/Pipeline.php(170): Illuminate/Foundation/Http/Kernel->Illuminate/Foundation/Http/{closure}(Object(Illuminate/Http/Request))
#42 A:/XAMPP/htdocs/insure-lk/vendor/livewire/livewire/src/Features/SupportDisablingBackButtonCache/DisableBackButtonCacheMiddleware.php(19): Illuminate/Pipeline/Pipeline->Illuminate/Pipeline/{closure}(Object(Illuminate/Http/Request))
#43 A:/XAMPP/htdocs/insure-lk/vendor/laravel/framework/src/Illuminate/Pipeline/Pipeline.php(209): Livewire/Features/SupportDisablingBackButtonCache/DisableBackButtonCacheMiddleware->handle(Object(Illuminate/Http/Request), Object(Closure))
#44 A:/XAMPP/htdocs/insure-lk/vendor/laravel/framework/src/Illuminate/Foundation/Http/Middleware/ConvertEmptyStringsToNull.php(27): Illuminate/Pipeline/Pipeline->Illuminate/Pipeline/{closure}(Object(Illuminate/Http/Request))
#45 A:/XAMPP/htdocs/insure-lk/vendor/laravel/framework/src/Illuminate/Pipeline/Pipeline.php(209): Illuminate/Foundation/Http/Middleware/ConvertEmptyStringsToNull->handle(Object(Illuminate/Http/Request), Object(Closure))
#46 A:/XAMPP/htdocs/insure-lk/vendor/laravel/framework/src/Illuminate/Foundation/Http/Middleware/TrimStrings.php(47): Illuminate/Pipeline/Pipeline->Illuminate/Pipeline/{closure}(Object(Illuminate/Http/Request))
#47 A:/XAMPP/htdocs/insure-lk/vendor/laravel/framework/src/Illuminate/Pipeline/Pipeline.php(209): Illuminate/Foundation/Http/Middleware/TrimStrings->handle(Object(Illuminate/Http/Request), Object(Closure))
#48 A:/XAMPP/htdocs/insure-lk/vendor/laravel/framework/src/Illuminate/Http/Middleware/ValidatePostSize.php(27): Illuminate/Pipeline/Pipeline->Illuminate/Pipeline/{closure}(Object(Illuminate/Http/Request))
#49 A:/XAMPP/htdocs/insure-lk/vendor/laravel/framework/src/Illuminate/Pipeline/Pipeline.php(209): Illuminate/Http/Middleware/ValidatePostSize->handle(Object(Illuminate/Http/Request), Object(Closure))
#50 A:/XAMPP/htdocs/insure-lk/vendor/laravel/framework/src/Illuminate/Foundation/Http/Middleware/PreventRequestsDuringMaintenance.php(110): Illuminate/Pipeline/Pipeline->Illuminate/Pipeline/{closure}(Object(Illuminate/Http/Request))
#51 A:/XAMPP/htdocs/insure-lk/vendor/laravel/framework/src/Illuminate/Pipeline/Pipeline.php(209): Illuminate/Foundation/Http/Middleware/PreventRequestsDuringMaintenance->handle(Object(Illuminate/Http/Request), Object(Closure))
#52 A:/XAMPP/htdocs/insure-lk/vendor/laravel/framework/src/Illuminate/Http/Middleware/HandleCors.php(49): Illuminate/Pipeline/Pipeline->Illuminate/Pipeline/{closure}(Object(Illuminate/Http/Request))
#53 A:/XAMPP/htdocs/insure-lk/vendor/laravel/framework/src/Illuminate/Pipeline/Pipeline.php(209): Illuminate/Http/Middleware/HandleCors->handle(Object(Illuminate/Http/Request), Object(Closure))
#54 A:/XAMPP/htdocs/insure-lk/vendor/laravel/framework/src/Illuminate/Http/Middleware/TrustProxies.php(58): Illuminate/Pipeline/Pipeline->Illuminate/Pipeline/{closure}(Object(Illuminate/Http/Request))
#55 A:/XAMPP/htdocs/insure-lk/vendor/laravel/framework/src/Illuminate/Pipeline/Pipeline.php(209): Illuminate/Http/Middleware/TrustProxies->handle(Object(Illuminate/Http/Request), Object(Closure))
#56 A:/XAMPP/htdocs/insure-lk/vendor/laravel/framework/src/Illuminate/Foundation/Http/Middleware/InvokeDeferredCallbacks.php(22): Illuminate/Pipeline/Pipeline->Illuminate/Pipeline/{closure}(Object(Illuminate/Http/Request))
#57 A:/XAMPP/htdocs/insure-lk/vendor/laravel/framework/src/Illuminate/Pipeline/Pipeline.php(209): Illuminate/Foundation/Http/Middleware/InvokeDeferredCallbacks->handle(Object(Illuminate/Http/Request), Object(Closure))
#58 A:/XAMPP/htdocs/insure-lk/vendor/laravel/framework/src/Illuminate/Pipeline/Pipeline.php(127): Illuminate/Pipeline/Pipeline->Illuminate/Pipeline/{closure}(Object(Illuminate/Http/Request))
#59 A:/XAMPP/htdocs/insure-lk/vendor/laravel/framework/src/Illuminate/Foundation/Http/Kernel.php(176): Illuminate/Pipeline/Pipeline->then(Object(Closure))
#60 A:/XAMPP/htdocs/insure-lk/vendor/laravel/framework/src/Illuminate/Foundation/Http/Kernel.php(145): Illuminate/Foundation/Http/Kernel->sendRequestThroughRouter(Object(Illuminate/Http/Request))
#61 A:/XAMPP/htdocs/insure-lk/vendor/laravel/framework/src/Illuminate/Foundation/Application.php(1220): Illuminate/Foundation/Http/Kernel->handle(Object(Illuminate/Http/Request))
#62 A:/XAMPP/htdocs/insure-lk/public/index.php(9): Illuminate/Foundation/Application->handleRequest(Object(Illuminate/Http/Request))
#63 {main}
"} 
[2026-07-07 01:08:33] local.ERROR: in_array(): Argument #2 ($haystack) must be of type array, bool given {"userId":1,"exception":"[object] (TypeError(code: 0): in_array(): Argument #2 ($haystack) must be of type array, bool given at A:/XAMPP/htdocs/insure-lk/app/Services/ProductCalculators/MortgageCalculator.php:69)
[stacktrace]
#0 A:/XAMPP/htdocs/insure-lk/app/Services/ProductCalculators/MortgageCalculator.php(69): in_array('life', false)
#1 A:/XAMPP/htdocs/insure-lk/app/Livewire/Policies/PolicyForm.php(27): App/Services/ProductCalculators/MortgageCalculator->calculate(Array)
#2 A:/XAMPP/htdocs/insure-lk/app/Livewire/Policies/PolicyForm.php(22): App/Livewire/Policies/PolicyForm->calculate()
#3 A:/XAMPP/htdocs/insure-lk/vendor/laravel/framework/src/Illuminate/Container/BoundMethod.php(36): App/Livewire/Policies/PolicyForm->updated('data.risks', false)
#4 A:/XAMPP/htdocs/insure-lk/vendor/laravel/framework/src/Illuminate/Container/Util.php(43): Illuminate/Container/BoundMethod::Illuminate/Container/{closure}()
#5 A:/XAMPP/htdocs/insure-lk/vendor/laravel/framework/src/Illuminate/Container/BoundMethod.php(95): Illuminate/Container/Util::unwrapIfClosure(Object(Closure))
#6 A:/XAMPP/htdocs/insure-lk/vendor/laravel/framework/src/Illuminate/Container/BoundMethod.php(35): Illuminate/Container/BoundMethod::callBoundMethod(Object(Illuminate/Foundation/Application), Array, Object(Closure))
#7 A:/XAMPP/htdocs/insure-lk/vendor/livewire/livewire/src/Wrapped.php(23): Illuminate/Container/BoundMethod::call(Object(Illuminate/Foundation/Application), Array, Array)
#8 A:/XAMPP/htdocs/insure-lk/vendor/livewire/livewire/src/Features/SupportLifecycleHooks/SupportLifecycleHooks.php(134): Livewire/Wrapped->__call('updated', Array)
#9 A:/XAMPP/htdocs/insure-lk/vendor/livewire/livewire/src/Features/SupportLifecycleHooks/SupportLifecycleHooks.php(75): Livewire/Features/SupportLifecycleHooks/SupportLifecycleHooks->callHook('updated', Array)
#10 A:/XAMPP/htdocs/insure-lk/vendor/livewire/livewire/src/ComponentHook.php(33): Livewire/Features/SupportLifecycleHooks/SupportLifecycleHooks->Livewire/Features/SupportLifecycleHooks/{closure}(NULL)
#11 A:/XAMPP/htdocs/insure-lk/vendor/livewire/livewire/src/ComponentHookRegistry.php(115): Livewire/ComponentHook->Livewire/{closure}(NULL)
#12 A:/XAMPP/htdocs/insure-lk/vendor/livewire/livewire/src/EventBus.php(73): Livewire/ComponentHookRegistry::Livewire/{closure}(NULL)
#13 A:/XAMPP/htdocs/insure-lk/vendor/livewire/livewire/src/Mechanisms/HandleComponents/HandleComponents.php(345): Livewire/EventBus->Livewire/{closure}()
#14 A:/XAMPP/htdocs/insure-lk/vendor/livewire/livewire/src/Mechanisms/HandleComponents/HandleComponents.php(121): Livewire/Mechanisms/HandleComponents/HandleComponents->updateProperties(Object(App/Livewire/Policies/PolicyForm), Array, Array, Object(Livewire/Mechanisms/HandleComponents/ComponentContext))
#15 A:/XAMPP/htdocs/insure-lk/vendor/livewire/livewire/src/LivewireManager.php(102): Livewire/Mechanisms/HandleComponents/HandleComponents->update(Array, Array, Array)
#16 A:/XAMPP/htdocs/insure-lk/vendor/livewire/livewire/src/Mechanisms/HandleRequests/HandleRequests.php(144): Livewire/LivewireManager->update(Array, Array, Array)
#17 A:/XAMPP/htdocs/insure-lk/vendor/laravel/framework/src/Illuminate/Routing/ControllerDispatcher.php(47): Livewire/Mechanisms/HandleRequests/HandleRequests->handleUpdate()
#18 A:/XAMPP/htdocs/insure-lk/vendor/laravel/framework/src/Illuminate/Routing/Route.php(266): Illuminate/Routing/ControllerDispatcher->dispatch(Object(Illuminate/Routing/Route), Object(Livewire/Mechanisms/HandleRequests/HandleRequests), 'handleUpdate')
#19 A:/XAMPP/htdocs/insure-lk/vendor/laravel/framework/src/Illuminate/Routing/Route.php(212): Illuminate/Routing/Route->runController()
#20 A:/XAMPP/htdocs/insure-lk/vendor/laravel/framework/src/Illuminate/Routing/Router.php(808): Illuminate/Routing/Route->run()
#21 A:/XAMPP/htdocs/insure-lk/vendor/laravel/framework/src/Illuminate/Pipeline/Pipeline.php(170): Illuminate/Routing/Router->Illuminate/Routing/{closure}(Object(Illuminate/Http/Request))
#22 A:/XAMPP/htdocs/insure-lk/vendor/laravel/framework/src/Illuminate/Routing/Middleware/SubstituteBindings.php(51): Illuminate/Pipeline/Pipeline->Illuminate/Pipeline/{closure}(Object(Illuminate/Http/Request))
#23 A:/XAMPP/htdocs/insure-lk/vendor/laravel/framework/src/Illuminate/Pipeline/Pipeline.php(209): Illuminate/Routing/Middleware/SubstituteBindings->handle(Object(Illuminate/Http/Request), Object(Closure))
#24 A:/XAMPP/htdocs/insure-lk/vendor/laravel/framework/src/Illuminate/Foundation/Http/Middleware/VerifyCsrfToken.php(88): Illuminate/Pipeline/Pipeline->Illuminate/Pipeline/{closure}(Object(Illuminate/Http/Request))
#25 A:/XAMPP/htdocs/insure-lk/vendor/laravel/framework/src/Illuminate/Pipeline/Pipeline.php(209): Illuminate/Foundation/Http/Middleware/VerifyCsrfToken->handle(Object(Illuminate/Http/Request), Object(Closure))
#26 A:/XAMPP/htdocs/insure-lk/vendor/laravel/framework/src/Illuminate/View/Middleware/ShareErrorsFromSession.php(49): Illuminate/Pipeline/Pipeline->Illuminate/Pipeline/{closure}(Object(Illuminate/Http/Request))
#27 A:/XAMPP/htdocs/insure-lk/vendor/laravel/framework/src/Illuminate/Pipeline/Pipeline.php(209): Illuminate/View/Middleware/ShareErrorsFromSession->handle(Object(Illuminate/Http/Request), Object(Closure))
#28 A:/XAMPP/htdocs/insure-lk/vendor/laravel/framework/src/Illuminate/Session/Middleware/StartSession.php(121): Illuminate/Pipeline/Pipeline->Illuminate/Pipeline/{closure}(Object(Illuminate/Http/Request))
#29 A:/XAMPP/htdocs/insure-lk/vendor/laravel/framework/src/Illuminate/Session/Middleware/StartSession.php(64): Illuminate/Session/Middleware/StartSession->handleStatefulRequest(Object(Illuminate/Http/Request), Object(Illuminate/Session/Store), Object(Closure))
#30 A:/XAMPP/htdocs/insure-lk/vendor/laravel/framework/src/Illuminate/Pipeline/Pipeline.php(209): Illuminate/Session/Middleware/StartSession->handle(Object(Illuminate/Http/Request), Object(Closure))
#31 A:/XAMPP/htdocs/insure-lk/vendor/laravel/framework/src/Illuminate/Cookie/Middleware/AddQueuedCookiesToResponse.php(37): Illuminate/Pipeline/Pipeline->Illuminate/Pipeline/{closure}(Object(Illuminate/Http/Request))
#32 A:/XAMPP/htdocs/insure-lk/vendor/laravel/framework/src/Illuminate/Pipeline/Pipeline.php(209): Illuminate/Cookie/Middleware/AddQueuedCookiesToResponse->handle(Object(Illuminate/Http/Request), Object(Closure))
#33 A:/XAMPP/htdocs/insure-lk/vendor/laravel/framework/src/Illuminate/Cookie/Middleware/EncryptCookies.php(75): Illuminate/Pipeline/Pipeline->Illuminate/Pipeline/{closure}(Object(Illuminate/Http/Request))
#34 A:/XAMPP/htdocs/insure-lk/vendor/laravel/framework/src/Illuminate/Pipeline/Pipeline.php(209): Illuminate/Cookie/Middleware/EncryptCookies->handle(Object(Illuminate/Http/Request), Object(Closure))
#35 A:/XAMPP/htdocs/insure-lk/vendor/laravel/framework/src/Illuminate/Pipeline/Pipeline.php(127): Illuminate/Pipeline/Pipeline->Illuminate/Pipeline/{closure}(Object(Illuminate/Http/Request))
#36 A:/XAMPP/htdocs/insure-lk/vendor/laravel/framework/src/Illuminate/Routing/Router.php(807): Illuminate/Pipeline/Pipeline->then(Object(Closure))
#37 A:/XAMPP/htdocs/insure-lk/vendor/laravel/framework/src/Illuminate/Routing/Router.php(786): Illuminate/Routing/Router->runRouteWithinStack(Object(Illuminate/Routing/Route), Object(Illuminate/Http/Request))
#38 A:/XAMPP/htdocs/insure-lk/vendor/laravel/framework/src/Illuminate/Routing/Router.php(750): Illuminate/Routing/Router->runRoute(Object(Illuminate/Http/Request), Object(Illuminate/Routing/Route))
#39 A:/XAMPP/htdocs/insure-lk/vendor/laravel/framework/src/Illuminate/Routing/Router.php(739): Illuminate/Routing/Router->dispatchToRoute(Object(Illuminate/Http/Request))
#40 A:/XAMPP/htdocs/insure-lk/vendor/laravel/framework/src/Illuminate/Foundation/Http/Kernel.php(201): Illuminate/Routing/Router->dispatch(Object(Illuminate/Http/Request))
#41 A:/XAMPP/htdocs/insure-lk/vendor/laravel/framework/src/Illuminate/Pipeline/Pipeline.php(170): Illuminate/Foundation/Http/Kernel->Illuminate/Foundation/Http/{closure}(Object(Illuminate/Http/Request))
#42 A:/XAMPP/htdocs/insure-lk/vendor/livewire/livewire/src/Features/SupportDisablingBackButtonCache/DisableBackButtonCacheMiddleware.php(19): Illuminate/Pipeline/Pipeline->Illuminate/Pipeline/{closure}(Object(Illuminate/Http/Request))
#43 A:/XAMPP/htdocs/insure-lk/vendor/laravel/framework/src/Illuminate/Pipeline/Pipeline.php(209): Livewire/Features/SupportDisablingBackButtonCache/DisableBackButtonCacheMiddleware->handle(Object(Illuminate/Http/Request), Object(Closure))
#44 A:/XAMPP/htdocs/insure-lk/vendor/laravel/framework/src/Illuminate/Foundation/Http/Middleware/ConvertEmptyStringsToNull.php(27): Illuminate/Pipeline/Pipeline->Illuminate/Pipeline/{closure}(Object(Illuminate/Http/Request))
#45 A:/XAMPP/htdocs/insure-lk/vendor/laravel/framework/src/Illuminate/Pipeline/Pipeline.php(209): Illuminate/Foundation/Http/Middleware/ConvertEmptyStringsToNull->handle(Object(Illuminate/Http/Request), Object(Closure))
#46 A:/XAMPP/htdocs/insure-lk/vendor/laravel/framework/src/Illuminate/Foundation/Http/Middleware/TrimStrings.php(47): Illuminate/Pipeline/Pipeline->Illuminate/Pipeline/{closure}(Object(Illuminate/Http/Request))
#47 A:/XAMPP/htdocs/insure-lk/vendor/laravel/framework/src/Illuminate/Pipeline/Pipeline.php(209): Illuminate/Foundation/Http/Middleware/TrimStrings->handle(Object(Illuminate/Http/Request), Object(Closure))
#48 A:/XAMPP/htdocs/insure-lk/vendor/laravel/framework/src/Illuminate/Http/Middleware/ValidatePostSize.php(27): Illuminate/Pipeline/Pipeline->Illuminate/Pipeline/{closure}(Object(Illuminate/Http/Request))
#49 A:/XAMPP/htdocs/insure-lk/vendor/laravel/framework/src/Illuminate/Pipeline/Pipeline.php(209): Illuminate/Http/Middleware/ValidatePostSize->handle(Object(Illuminate/Http/Request), Object(Closure))
#50 A:/XAMPP/htdocs/insure-lk/vendor/laravel/framework/src/Illuminate/Foundation/Http/Middleware/PreventRequestsDuringMaintenance.php(110): Illuminate/Pipeline/Pipeline->Illuminate/Pipeline/{closure}(Object(Illuminate/Http/Request))
#51 A:/XAMPP/htdocs/insure-lk/vendor/laravel/framework/src/Illuminate/Pipeline/Pipeline.php(209): Illuminate/Foundation/Http/Middleware/PreventRequestsDuringMaintenance->handle(Object(Illuminate/Http/Request), Object(Closure))
#52 A:/XAMPP/htdocs/insure-lk/vendor/laravel/framework/src/Illuminate/Http/Middleware/HandleCors.php(49): Illuminate/Pipeline/Pipeline->Illuminate/Pipeline/{closure}(Object(Illuminate/Http/Request))
#53 A:/XAMPP/htdocs/insure-lk/vendor/laravel/framework/src/Illuminate/Pipeline/Pipeline.php(209): Illuminate/Http/Middleware/HandleCors->handle(Object(Illuminate/Http/Request), Object(Closure))
#54 A:/XAMPP/htdocs/insure-lk/vendor/laravel/framework/src/Illuminate/Http/Middleware/TrustProxies.php(58): Illuminate/Pipeline/Pipeline->Illuminate/Pipeline/{closure}(Object(Illuminate/Http/Request))
#55 A:/XAMPP/htdocs/insure-lk/vendor/laravel/framework/src/Illuminate/Pipeline/Pipeline.php(209): Illuminate/Http/Middleware/TrustProxies->handle(Object(Illuminate/Http/Request), Object(Closure))
#56 A:/XAMPP/htdocs/insure-lk/vendor/laravel/framework/src/Illuminate/Foundation/Http/Middleware/InvokeDeferredCallbacks.php(22): Illuminate/Pipeline/Pipeline->Illuminate/Pipeline/{closure}(Object(Illuminate/Http/Request))
#57 A:/XAMPP/htdocs/insure-lk/vendor/laravel/framework/src/Illuminate/Pipeline/Pipeline.php(209): Illuminate/Foundation/Http/Middleware/InvokeDeferredCallbacks->handle(Object(Illuminate/Http/Request), Object(Closure))
#58 A:/XAMPP/htdocs/insure-lk/vendor/laravel/framework/src/Illuminate/Pipeline/Pipeline.php(127): Illuminate/Pipeline/Pipeline->Illuminate/Pipeline/{closure}(Object(Illuminate/Http/Request))
#59 A:/XAMPP/htdocs/insure-lk/vendor/laravel/framework/src/Illuminate/Foundation/Http/Kernel.php(176): Illuminate/Pipeline/Pipeline->then(Object(Closure))
#60 A:/XAMPP/htdocs/insure-lk/vendor/laravel/framework/src/Illuminate/Foundation/Http/Kernel.php(145): Illuminate/Foundation/Http/Kernel->sendRequestThroughRouter(Object(Illuminate/Http/Request))
#61 A:/XAMPP/htdocs/insure-lk/vendor/laravel/framework/src/Illuminate/Foundation/Application.php(1220): Illuminate/Foundation/Http/Kernel->handle(Object(Illuminate/Http/Request))
#62 A:/XAMPP/htdocs/insure-lk/public/index.php(9): Illuminate/Foundation/Application->handleRequest(Object(Illuminate/Http/Request))
#63 {main}
"} 
[2026-07-07 03:31:28] local.ERROR: Ошибка расчёта формулы: Unsupported operand types: string * float {"userId":1,"exception":"[object] (RuntimeException(code: 0): Ошибка расчёта формулы: Unsupported operand types: string * float at A:/XAMPP/htdocs/insure-lk/app/Services/FormulaCalculator.php:82)
[stacktrace]
#0 A:/XAMPP/htdocs/insure-lk/app/Services/ProductCalculators/FormulaBasedCalculator.php(54): App/Services/FormulaCalculator->calculate(Object(App/Models/Product), Array)
#1 A:/XAMPP/htdocs/insure-lk/app/Livewire/Policies/PolicyForm.php(27): App/Services/ProductCalculators/FormulaBasedCalculator->calculate(Array)
#2 A:/XAMPP/htdocs/insure-lk/app/Livewire/Policies/PolicyForm.php(22): App/Livewire/Policies/PolicyForm->calculate()
#3 A:/XAMPP/htdocs/insure-lk/vendor/laravel/framework/src/Illuminate/Container/BoundMethod.php(36): App/Livewire/Policies/PolicyForm->updated('data.sum_finish', '')
#4 A:/XAMPP/htdocs/insure-lk/vendor/laravel/framework/src/Illuminate/Container/Util.php(43): Illuminate/Container/BoundMethod::Illuminate/Container/{closure}()
#5 A:/XAMPP/htdocs/insure-lk/vendor/laravel/framework/src/Illuminate/Container/BoundMethod.php(95): Illuminate/Container/Util::unwrapIfClosure(Object(Closure))
#6 A:/XAMPP/htdocs/insure-lk/vendor/laravel/framework/src/Illuminate/Container/BoundMethod.php(35): Illuminate/Container/BoundMethod::callBoundMethod(Object(Illuminate/Foundation/Application), Array, Object(Closure))
#7 A:/XAMPP/htdocs/insure-lk/vendor/livewire/livewire/src/Wrapped.php(23): Illuminate/Container/BoundMethod::call(Object(Illuminate/Foundation/Application), Array, Array)
#8 A:/XAMPP/htdocs/insure-lk/vendor/livewire/livewire/src/Features/SupportLifecycleHooks/SupportLifecycleHooks.php(134): Livewire/Wrapped->__call('updated', Array)
#9 A:/XAMPP/htdocs/insure-lk/vendor/livewire/livewire/src/Features/SupportLifecycleHooks/SupportLifecycleHooks.php(75): Livewire/Features/SupportLifecycleHooks/SupportLifecycleHooks->callHook('updated', Array)
#10 A:/XAMPP/htdocs/insure-lk/vendor/livewire/livewire/src/ComponentHook.php(33): Livewire/Features/SupportLifecycleHooks/SupportLifecycleHooks->Livewire/Features/SupportLifecycleHooks/{closure}(NULL)
#11 A:/XAMPP/htdocs/insure-lk/vendor/livewire/livewire/src/ComponentHookRegistry.php(115): Livewire/ComponentHook->Livewire/{closure}(NULL)
#12 A:/XAMPP/htdocs/insure-lk/vendor/livewire/livewire/src/EventBus.php(73): Livewire/ComponentHookRegistry::Livewire/{closure}(NULL)
#13 A:/XAMPP/htdocs/insure-lk/vendor/livewire/livewire/src/Mechanisms/HandleComponents/HandleComponents.php(345): Livewire/EventBus->Livewire/{closure}()
#14 A:/XAMPP/htdocs/insure-lk/vendor/livewire/livewire/src/Mechanisms/HandleComponents/HandleComponents.php(121): Livewire/Mechanisms/HandleComponents/HandleComponents->updateProperties(Object(App/Livewire/Policies/PolicyForm), Array, Array, Object(Livewire/Mechanisms/HandleComponents/ComponentContext))
#15 A:/XAMPP/htdocs/insure-lk/vendor/livewire/livewire/src/LivewireManager.php(102): Livewire/Mechanisms/HandleComponents/HandleComponents->update(Array, Array, Array)
#16 A:/XAMPP/htdocs/insure-lk/vendor/livewire/livewire/src/Mechanisms/HandleRequests/HandleRequests.php(144): Livewire/LivewireManager->update(Array, Array, Array)
#17 A:/XAMPP/htdocs/insure-lk/vendor/laravel/framework/src/Illuminate/Routing/ControllerDispatcher.php(47): Livewire/Mechanisms/HandleRequests/HandleRequests->handleUpdate()
#18 A:/XAMPP/htdocs/insure-lk/vendor/laravel/framework/src/Illuminate/Routing/Route.php(266): Illuminate/Routing/ControllerDispatcher->dispatch(Object(Illuminate/Routing/Route), Object(Livewire/Mechanisms/HandleRequests/HandleRequests), 'handleUpdate')
#19 A:/XAMPP/htdocs/insure-lk/vendor/laravel/framework/src/Illuminate/Routing/Route.php(212): Illuminate/Routing/Route->runController()
#20 A:/XAMPP/htdocs/insure-lk/vendor/laravel/framework/src/Illuminate/Routing/Router.php(808): Illuminate/Routing/Route->run()
#21 A:/XAMPP/htdocs/insure-lk/vendor/laravel/framework/src/Illuminate/Pipeline/Pipeline.php(170): Illuminate/Routing/Router->Illuminate/Routing/{closure}(Object(Illuminate/Http/Request))
#22 A:/XAMPP/htdocs/insure-lk/vendor/laravel/framework/src/Illuminate/Routing/Middleware/SubstituteBindings.php(51): Illuminate/Pipeline/Pipeline->Illuminate/Pipeline/{closure}(Object(Illuminate/Http/Request))
#23 A:/XAMPP/htdocs/insure-lk/vendor/laravel/framework/src/Illuminate/Pipeline/Pipeline.php(209): Illuminate/Routing/Middleware/SubstituteBindings->handle(Object(Illuminate/Http/Request), Object(Closure))
#24 A:/XAMPP/htdocs/insure-lk/vendor/laravel/framework/src/Illuminate/Foundation/Http/Middleware/VerifyCsrfToken.php(88): Illuminate/Pipeline/Pipeline->Illuminate/Pipeline/{closure}(Object(Illuminate/Http/Request))
#25 A:/XAMPP/htdocs/insure-lk/vendor/laravel/framework/src/Illuminate/Pipeline/Pipeline.php(209): Illuminate/Foundation/Http/Middleware/VerifyCsrfToken->handle(Object(Illuminate/Http/Request), Object(Closure))
#26 A:/XAMPP/htdocs/insure-lk/vendor/laravel/framework/src/Illuminate/View/Middleware/ShareErrorsFromSession.php(49): Illuminate/Pipeline/Pipeline->Illuminate/Pipeline/{closure}(Object(Illuminate/Http/Request))
#27 A:/XAMPP/htdocs/insure-lk/vendor/laravel/framework/src/Illuminate/Pipeline/Pipeline.php(209): Illuminate/View/Middleware/ShareErrorsFromSession->handle(Object(Illuminate/Http/Request), Object(Closure))
#28 A:/XAMPP/htdocs/insure-lk/vendor/laravel/framework/src/Illuminate/Session/Middleware/StartSession.php(121): Illuminate/Pipeline/Pipeline->Illuminate/Pipeline/{closure}(Object(Illuminate/Http/Request))
#29 A:/XAMPP/htdocs/insure-lk/vendor/laravel/framework/src/Illuminate/Session/Middleware/StartSession.php(64): Illuminate/Session/Middleware/StartSession->handleStatefulRequest(Object(Illuminate/Http/Request), Object(Illuminate/Session/Store), Object(Closure))
#30 A:/XAMPP/htdocs/insure-lk/vendor/laravel/framework/src/Illuminate/Pipeline/Pipeline.php(209): Illuminate/Session/Middleware/StartSession->handle(Object(Illuminate/Http/Request), Object(Closure))
#31 A:/XAMPP/htdocs/insure-lk/vendor/laravel/framework/src/Illuminate/Cookie/Middleware/AddQueuedCookiesToResponse.php(37): Illuminate/Pipeline/Pipeline->Illuminate/Pipeline/{closure}(Object(Illuminate/Http/Request))
#32 A:/XAMPP/htdocs/insure-lk/vendor/laravel/framework/src/Illuminate/Pipeline/Pipeline.php(209): Illuminate/Cookie/Middleware/AddQueuedCookiesToResponse->handle(Object(Illuminate/Http/Request), Object(Closure))
#33 A:/XAMPP/htdocs/insure-lk/vendor/laravel/framework/src/Illuminate/Cookie/Middleware/EncryptCookies.php(75): Illuminate/Pipeline/Pipeline->Illuminate/Pipeline/{closure}(Object(Illuminate/Http/Request))
#34 A:/XAMPP/htdocs/insure-lk/vendor/laravel/framework/src/Illuminate/Pipeline/Pipeline.php(209): Illuminate/Cookie/Middleware/EncryptCookies->handle(Object(Illuminate/Http/Request), Object(Closure))
#35 A:/XAMPP/htdocs/insure-lk/vendor/laravel/framework/src/Illuminate/Pipeline/Pipeline.php(127): Illuminate/Pipeline/Pipeline->Illuminate/Pipeline/{closure}(Object(Illuminate/Http/Request))
#36 A:/XAMPP/htdocs/insure-lk/vendor/laravel/framework/src/Illuminate/Routing/Router.php(807): Illuminate/Pipeline/Pipeline->then(Object(Closure))
#37 A:/XAMPP/htdocs/insure-lk/vendor/laravel/framework/src/Illuminate/Routing/Router.php(786): Illuminate/Routing/Router->runRouteWithinStack(Object(Illuminate/Routing/Route), Object(Illuminate/Http/Request))
#38 A:/XAMPP/htdocs/insure-lk/vendor/laravel/framework/src/Illuminate/Routing/Router.php(750): Illuminate/Routing/Router->runRoute(Object(Illuminate/Http/Request), Object(Illuminate/Routing/Route))
#39 A:/XAMPP/htdocs/insure-lk/vendor/laravel/framework/src/Illuminate/Routing/Router.php(739): Illuminate/Routing/Router->dispatchToRoute(Object(Illuminate/Http/Request))
#40 A:/XAMPP/htdocs/insure-lk/vendor/laravel/framework/src/Illuminate/Foundation/Http/Kernel.php(201): Illuminate/Routing/Router->dispatch(Object(Illuminate/Http/Request))
#41 A:/XAMPP/htdocs/insure-lk/vendor/laravel/framework/src/Illuminate/Pipeline/Pipeline.php(170): Illuminate/Foundation/Http/Kernel->Illuminate/Foundation/Http/{closure}(Object(Illuminate/Http/Request))
#42 A:/XAMPP/htdocs/insure-lk/vendor/livewire/livewire/src/Features/SupportDisablingBackButtonCache/DisableBackButtonCacheMiddleware.php(19): Illuminate/Pipeline/Pipeline->Illuminate/Pipeline/{closure}(Object(Illuminate/Http/Request))
#43 A:/XAMPP/htdocs/insure-lk/vendor/laravel/framework/src/Illuminate/Pipeline/Pipeline.php(209): Livewire/Features/SupportDisablingBackButtonCache/DisableBackButtonCacheMiddleware->handle(Object(Illuminate/Http/Request), Object(Closure))
#44 A:/XAMPP/htdocs/insure-lk/vendor/laravel/framework/src/Illuminate/Foundation/Http/Middleware/ConvertEmptyStringsToNull.php(27): Illuminate/Pipeline/Pipeline->Illuminate/Pipeline/{closure}(Object(Illuminate/Http/Request))
#45 A:/XAMPP/htdocs/insure-lk/vendor/laravel/framework/src/Illuminate/Pipeline/Pipeline.php(209): Illuminate/Foundation/Http/Middleware/ConvertEmptyStringsToNull->handle(Object(Illuminate/Http/Request), Object(Closure))
#46 A:/XAMPP/htdocs/insure-lk/vendor/laravel/framework/src/Illuminate/Foundation/Http/Middleware/TrimStrings.php(47): Illuminate/Pipeline/Pipeline->Illuminate/Pipeline/{closure}(Object(Illuminate/Http/Request))
#47 A:/XAMPP/htdocs/insure-lk/vendor/laravel/framework/src/Illuminate/Pipeline/Pipeline.php(209): Illuminate/Foundation/Http/Middleware/TrimStrings->handle(Object(Illuminate/Http/Request), Object(Closure))
#48 A:/XAMPP/htdocs/insure-lk/vendor/laravel/framework/src/Illuminate/Http/Middleware/ValidatePostSize.php(27): Illuminate/Pipeline/Pipeline->Illuminate/Pipeline/{closure}(Object(Illuminate/Http/Request))
#49 A:/XAMPP/htdocs/insure-lk/vendor/laravel/framework/src/Illuminate/Pipeline/Pipeline.php(209): Illuminate/Http/Middleware/ValidatePostSize->handle(Object(Illuminate/Http/Request), Object(Closure))
#50 A:/XAMPP/htdocs/insure-lk/vendor/laravel/framework/src/Illuminate/Foundation/Http/Middleware/PreventRequestsDuringMaintenance.php(110): Illuminate/Pipeline/Pipeline->Illuminate/Pipeline/{closure}(Object(Illuminate/Http/Request))
#51 A:/XAMPP/htdocs/insure-lk/vendor/laravel/framework/src/Illuminate/Pipeline/Pipeline.php(209): Illuminate/Foundation/Http/Middleware/PreventRequestsDuringMaintenance->handle(Object(Illuminate/Http/Request), Object(Closure))
#52 A:/XAMPP/htdocs/insure-lk/vendor/laravel/framework/src/Illuminate/Http/Middleware/HandleCors.php(49): Illuminate/Pipeline/Pipeline->Illuminate/Pipeline/{closure}(Object(Illuminate/Http/Request))
#53 A:/XAMPP/htdocs/insure-lk/vendor/laravel/framework/src/Illuminate/Pipeline/Pipeline.php(209): Illuminate/Http/Middleware/HandleCors->handle(Object(Illuminate/Http/Request), Object(Closure))
#54 A:/XAMPP/htdocs/insure-lk/vendor/laravel/framework/src/Illuminate/Http/Middleware/TrustProxies.php(58): Illuminate/Pipeline/Pipeline->Illuminate/Pipeline/{closure}(Object(Illuminate/Http/Request))
#55 A:/XAMPP/htdocs/insure-lk/vendor/laravel/framework/src/Illuminate/Pipeline/Pipeline.php(209): Illuminate/Http/Middleware/TrustProxies->handle(Object(Illuminate/Http/Request), Object(Closure))
#56 A:/XAMPP/htdocs/insure-lk/vendor/laravel/framework/src/Illuminate/Foundation/Http/Middleware/InvokeDeferredCallbacks.php(22): Illuminate/Pipeline/Pipeline->Illuminate/Pipeline/{closure}(Object(Illuminate/Http/Request))
#57 A:/XAMPP/htdocs/insure-lk/vendor/laravel/framework/src/Illuminate/Pipeline/Pipeline.php(209): Illuminate/Foundation/Http/Middleware/InvokeDeferredCallbacks->handle(Object(Illuminate/Http/Request), Object(Closure))
#58 A:/XAMPP/htdocs/insure-lk/vendor/laravel/framework/src/Illuminate/Pipeline/Pipeline.php(127): Illuminate/Pipeline/Pipeline->Illuminate/Pipeline/{closure}(Object(Illuminate/Http/Request))
#59 A:/XAMPP/htdocs/insure-lk/vendor/laravel/framework/src/Illuminate/Foundation/Http/Kernel.php(176): Illuminate/Pipeline/Pipeline->then(Object(Closure))
#60 A:/XAMPP/htdocs/insure-lk/vendor/laravel/framework/src/Illuminate/Foundation/Http/Kernel.php(145): Illuminate/Foundation/Http/Kernel->sendRequestThroughRouter(Object(Illuminate/Http/Request))
#61 A:/XAMPP/htdocs/insure-lk/vendor/laravel/framework/src/Illuminate/Foundation/Application.php(1220): Illuminate/Foundation/Http/Kernel->handle(Object(Illuminate/Http/Request))
#62 A:/XAMPP/htdocs/insure-lk/public/index.php(9): Illuminate/Foundation/Application->handleRequest(Object(Illuminate/Http/Request))
#63 {main}
"} 
[2026-07-07 03:31:29] local.ERROR: Ошибка расчёта формулы: Unsupported operand types: string * float {"userId":1,"exception":"[object] (RuntimeException(code: 0): Ошибка расчёта формулы: Unsupported operand types: string * float at A:/XAMPP/htdocs/insure-lk/app/Services/FormulaCalculator.php:82)
[stacktrace]
#0 A:/XAMPP/htdocs/insure-lk/app/Services/ProductCalculators/FormulaBasedCalculator.php(54): App/Services/FormulaCalculator->calculate(Object(App/Models/Product), Array)
#1 A:/XAMPP/htdocs/insure-lk/app/Livewire/Policies/PolicyForm.php(27): App/Services/ProductCalculators/FormulaBasedCalculator->calculate(Array)
#2 A:/XAMPP/htdocs/insure-lk/app/Livewire/Policies/PolicyForm.php(22): App/Livewire/Policies/PolicyForm->calculate()
#3 A:/XAMPP/htdocs/insure-lk/vendor/laravel/framework/src/Illuminate/Container/BoundMethod.php(36): App/Livewire/Policies/PolicyForm->updated('data.sum_finish', '')
#4 A:/XAMPP/htdocs/insure-lk/vendor/laravel/framework/src/Illuminate/Container/Util.php(43): Illuminate/Container/BoundMethod::Illuminate/Container/{closure}()
#5 A:/XAMPP/htdocs/insure-lk/vendor/laravel/framework/src/Illuminate/Container/BoundMethod.php(95): Illuminate/Container/Util::unwrapIfClosure(Object(Closure))
#6 A:/XAMPP/htdocs/insure-lk/vendor/laravel/framework/src/Illuminate/Container/BoundMethod.php(35): Illuminate/Container/BoundMethod::callBoundMethod(Object(Illuminate/Foundation/Application), Array, Object(Closure))
#7 A:/XAMPP/htdocs/insure-lk/vendor/livewire/livewire/src/Wrapped.php(23): Illuminate/Container/BoundMethod::call(Object(Illuminate/Foundation/Application), Array, Array)
#8 A:/XAMPP/htdocs/insure-lk/vendor/livewire/livewire/src/Features/SupportLifecycleHooks/SupportLifecycleHooks.php(134): Livewire/Wrapped->__call('updated', Array)
#9 A:/XAMPP/htdocs/insure-lk/vendor/livewire/livewire/src/Features/SupportLifecycleHooks/SupportLifecycleHooks.php(75): Livewire/Features/SupportLifecycleHooks/SupportLifecycleHooks->callHook('updated', Array)
#10 A:/XAMPP/htdocs/insure-lk/vendor/livewire/livewire/src/ComponentHook.php(33): Livewire/Features/SupportLifecycleHooks/SupportLifecycleHooks->Livewire/Features/SupportLifecycleHooks/{closure}(NULL)
#11 A:/XAMPP/htdocs/insure-lk/vendor/livewire/livewire/src/ComponentHookRegistry.php(115): Livewire/ComponentHook->Livewire/{closure}(NULL)
#12 A:/XAMPP/htdocs/insure-lk/vendor/livewire/livewire/src/EventBus.php(73): Livewire/ComponentHookRegistry::Livewire/{closure}(NULL)
#13 A:/XAMPP/htdocs/insure-lk/vendor/livewire/livewire/src/Mechanisms/HandleComponents/HandleComponents.php(345): Livewire/EventBus->Livewire/{closure}()
#14 A:/XAMPP/htdocs/insure-lk/vendor/livewire/livewire/src/Mechanisms/HandleComponents/HandleComponents.php(121): Livewire/Mechanisms/HandleComponents/HandleComponents->updateProperties(Object(App/Livewire/Policies/PolicyForm), Array, Array, Object(Livewire/Mechanisms/HandleComponents/ComponentContext))
#15 A:/XAMPP/htdocs/insure-lk/vendor/livewire/livewire/src/LivewireManager.php(102): Livewire/Mechanisms/HandleComponents/HandleComponents->update(Array, Array, Array)
#16 A:/XAMPP/htdocs/insure-lk/vendor/livewire/livewire/src/Mechanisms/HandleRequests/HandleRequests.php(144): Livewire/LivewireManager->update(Array, Array, Array)
#17 A:/XAMPP/htdocs/insure-lk/vendor/laravel/framework/src/Illuminate/Routing/ControllerDispatcher.php(47): Livewire/Mechanisms/HandleRequests/HandleRequests->handleUpdate()
#18 A:/XAMPP/htdocs/insure-lk/vendor/laravel/framework/src/Illuminate/Routing/Route.php(266): Illuminate/Routing/ControllerDispatcher->dispatch(Object(Illuminate/Routing/Route), Object(Livewire/Mechanisms/HandleRequests/HandleRequests), 'handleUpdate')
#19 A:/XAMPP/htdocs/insure-lk/vendor/laravel/framework/src/Illuminate/Routing/Route.php(212): Illuminate/Routing/Route->runController()
#20 A:/XAMPP/htdocs/insure-lk/vendor/laravel/framework/src/Illuminate/Routing/Router.php(808): Illuminate/Routing/Route->run()
#21 A:/XAMPP/htdocs/insure-lk/vendor/laravel/framework/src/Illuminate/Pipeline/Pipeline.php(170): Illuminate/Routing/Router->Illuminate/Routing/{closure}(Object(Illuminate/Http/Request))
#22 A:/XAMPP/htdocs/insure-lk/vendor/laravel/framework/src/Illuminate/Routing/Middleware/SubstituteBindings.php(51): Illuminate/Pipeline/Pipeline->Illuminate/Pipeline/{closure}(Object(Illuminate/Http/Request))
#23 A:/XAMPP/htdocs/insure-lk/vendor/laravel/framework/src/Illuminate/Pipeline/Pipeline.php(209): Illuminate/Routing/Middleware/SubstituteBindings->handle(Object(Illuminate/Http/Request), Object(Closure))
#24 A:/XAMPP/htdocs/insure-lk/vendor/laravel/framework/src/Illuminate/Foundation/Http/Middleware/VerifyCsrfToken.php(88): Illuminate/Pipeline/Pipeline->Illuminate/Pipeline/{closure}(Object(Illuminate/Http/Request))
#25 A:/XAMPP/htdocs/insure-lk/vendor/laravel/framework/src/Illuminate/Pipeline/Pipeline.php(209): Illuminate/Foundation/Http/Middleware/VerifyCsrfToken->handle(Object(Illuminate/Http/Request), Object(Closure))
#26 A:/XAMPP/htdocs/insure-lk/vendor/laravel/framework/src/Illuminate/View/Middleware/ShareErrorsFromSession.php(49): Illuminate/Pipeline/Pipeline->Illuminate/Pipeline/{closure}(Object(Illuminate/Http/Request))
#27 A:/XAMPP/htdocs/insure-lk/vendor/laravel/framework/src/Illuminate/Pipeline/Pipeline.php(209): Illuminate/View/Middleware/ShareErrorsFromSession->handle(Object(Illuminate/Http/Request), Object(Closure))
#28 A:/XAMPP/htdocs/insure-lk/vendor/laravel/framework/src/Illuminate/Session/Middleware/StartSession.php(121): Illuminate/Pipeline/Pipeline->Illuminate/Pipeline/{closure}(Object(Illuminate/Http/Request))
#29 A:/XAMPP/htdocs/insure-lk/vendor/laravel/framework/src/Illuminate/Session/Middleware/StartSession.php(64): Illuminate/Session/Middleware/StartSession->handleStatefulRequest(Object(Illuminate/Http/Request), Object(Illuminate/Session/Store), Object(Closure))
#30 A:/XAMPP/htdocs/insure-lk/vendor/laravel/framework/src/Illuminate/Pipeline/Pipeline.php(209): Illuminate/Session/Middleware/StartSession->handle(Object(Illuminate/Http/Request), Object(Closure))
#31 A:/XAMPP/htdocs/insure-lk/vendor/laravel/framework/src/Illuminate/Cookie/Middleware/AddQueuedCookiesToResponse.php(37): Illuminate/Pipeline/Pipeline->Illuminate/Pipeline/{closure}(Object(Illuminate/Http/Request))
#32 A:/XAMPP/htdocs/insure-lk/vendor/laravel/framework/src/Illuminate/Pipeline/Pipeline.php(209): Illuminate/Cookie/Middleware/AddQueuedCookiesToResponse->handle(Object(Illuminate/Http/Request), Object(Closure))
#33 A:/XAMPP/htdocs/insure-lk/vendor/laravel/framework/src/Illuminate/Cookie/Middleware/EncryptCookies.php(75): Illuminate/Pipeline/Pipeline->Illuminate/Pipeline/{closure}(Object(Illuminate/Http/Request))
#34 A:/XAMPP/htdocs/insure-lk/vendor/laravel/framework/src/Illuminate/Pipeline/Pipeline.php(209): Illuminate/Cookie/Middleware/EncryptCookies->handle(Object(Illuminate/Http/Request), Object(Closure))
#35 A:/XAMPP/htdocs/insure-lk/vendor/laravel/framework/src/Illuminate/Pipeline/Pipeline.php(127): Illuminate/Pipeline/Pipeline->Illuminate/Pipeline/{closure}(Object(Illuminate/Http/Request))
#36 A:/XAMPP/htdocs/insure-lk/vendor/laravel/framework/src/Illuminate/Routing/Router.php(807): Illuminate/Pipeline/Pipeline->then(Object(Closure))
#37 A:/XAMPP/htdocs/insure-lk/vendor/laravel/framework/src/Illuminate/Routing/Router.php(786): Illuminate/Routing/Router->runRouteWithinStack(Object(Illuminate/Routing/Route), Object(Illuminate/Http/Request))
#38 A:/XAMPP/htdocs/insure-lk/vendor/laravel/framework/src/Illuminate/Routing/Router.php(750): Illuminate/Routing/Router->runRoute(Object(Illuminate/Http/Request), Object(Illuminate/Routing/Route))
#39 A:/XAMPP/htdocs/insure-lk/vendor/laravel/framework/src/Illuminate/Routing/Router.php(739): Illuminate/Routing/Router->dispatchToRoute(Object(Illuminate/Http/Request))
#40 A:/XAMPP/htdocs/insure-lk/vendor/laravel/framework/src/Illuminate/Foundation/Http/Kernel.php(201): Illuminate/Routing/Router->dispatch(Object(Illuminate/Http/Request))
#41 A:/XAMPP/htdocs/insure-lk/vendor/laravel/framework/src/Illuminate/Pipeline/Pipeline.php(170): Illuminate/Foundation/Http/Kernel->Illuminate/Foundation/Http/{closure}(Object(Illuminate/Http/Request))
#42 A:/XAMPP/htdocs/insure-lk/vendor/livewire/livewire/src/Features/SupportDisablingBackButtonCache/DisableBackButtonCacheMiddleware.php(19): Illuminate/Pipeline/Pipeline->Illuminate/Pipeline/{closure}(Object(Illuminate/Http/Request))
#43 A:/XAMPP/htdocs/insure-lk/vendor/laravel/framework/src/Illuminate/Pipeline/Pipeline.php(209): Livewire/Features/SupportDisablingBackButtonCache/DisableBackButtonCacheMiddleware->handle(Object(Illuminate/Http/Request), Object(Closure))
#44 A:/XAMPP/htdocs/insure-lk/vendor/laravel/framework/src/Illuminate/Foundation/Http/Middleware/ConvertEmptyStringsToNull.php(27): Illuminate/Pipeline/Pipeline->Illuminate/Pipeline/{closure}(Object(Illuminate/Http/Request))
#45 A:/XAMPP/htdocs/insure-lk/vendor/laravel/framework/src/Illuminate/Pipeline/Pipeline.php(209): Illuminate/Foundation/Http/Middleware/ConvertEmptyStringsToNull->handle(Object(Illuminate/Http/Request), Object(Closure))
#46 A:/XAMPP/htdocs/insure-lk/vendor/laravel/framework/src/Illuminate/Foundation/Http/Middleware/TrimStrings.php(47): Illuminate/Pipeline/Pipeline->Illuminate/Pipeline/{closure}(Object(Illuminate/Http/Request))
#47 A:/XAMPP/htdocs/insure-lk/vendor/laravel/framework/src/Illuminate/Pipeline/Pipeline.php(209): Illuminate/Foundation/Http/Middleware/TrimStrings->handle(Object(Illuminate/Http/Request), Object(Closure))
#48 A:/XAMPP/htdocs/insure-lk/vendor/laravel/framework/src/Illuminate/Http/Middleware/ValidatePostSize.php(27): Illuminate/Pipeline/Pipeline->Illuminate/Pipeline/{closure}(Object(Illuminate/Http/Request))
#49 A:/XAMPP/htdocs/insure-lk/vendor/laravel/framework/src/Illuminate/Pipeline/Pipeline.php(209): Illuminate/Http/Middleware/ValidatePostSize->handle(Object(Illuminate/Http/Request), Object(Closure))
#50 A:/XAMPP/htdocs/insure-lk/vendor/laravel/framework/src/Illuminate/Foundation/Http/Middleware/PreventRequestsDuringMaintenance.php(110): Illuminate/Pipeline/Pipeline->Illuminate/Pipeline/{closure}(Object(Illuminate/Http/Request))
#51 A:/XAMPP/htdocs/insure-lk/vendor/laravel/framework/src/Illuminate/Pipeline/Pipeline.php(209): Illuminate/Foundation/Http/Middleware/PreventRequestsDuringMaintenance->handle(Object(Illuminate/Http/Request), Object(Closure))
#52 A:/XAMPP/htdocs/insure-lk/vendor/laravel/framework/src/Illuminate/Http/Middleware/HandleCors.php(49): Illuminate/Pipeline/Pipeline->Illuminate/Pipeline/{closure}(Object(Illuminate/Http/Request))
#53 A:/XAMPP/htdocs/insure-lk/vendor/laravel/framework/src/Illuminate/Pipeline/Pipeline.php(209): Illuminate/Http/Middleware/HandleCors->handle(Object(Illuminate/Http/Request), Object(Closure))
#54 A:/XAMPP/htdocs/insure-lk/vendor/laravel/framework/src/Illuminate/Http/Middleware/TrustProxies.php(58): Illuminate/Pipeline/Pipeline->Illuminate/Pipeline/{closure}(Object(Illuminate/Http/Request))
#55 A:/XAMPP/htdocs/insure-lk/vendor/laravel/framework/src/Illuminate/Pipeline/Pipeline.php(209): Illuminate/Http/Middleware/TrustProxies->handle(Object(Illuminate/Http/Request), Object(Closure))
#56 A:/XAMPP/htdocs/insure-lk/vendor/laravel/framework/src/Illuminate/Foundation/Http/Middleware/InvokeDeferredCallbacks.php(22): Illuminate/Pipeline/Pipeline->Illuminate/Pipeline/{closure}(Object(Illuminate/Http/Request))
#57 A:/XAMPP/htdocs/insure-lk/vendor/laravel/framework/src/Illuminate/Pipeline/Pipeline.php(209): Illuminate/Foundation/Http/Middleware/InvokeDeferredCallbacks->handle(Object(Illuminate/Http/Request), Object(Closure))
#58 A:/XAMPP/htdocs/insure-lk/vendor/laravel/framework/src/Illuminate/Pipeline/Pipeline.php(127): Illuminate/Pipeline/Pipeline->Illuminate/Pipeline/{closure}(Object(Illuminate/Http/Request))
#59 A:/XAMPP/htdocs/insure-lk/vendor/laravel/framework/src/Illuminate/Foundation/Http/Kernel.php(176): Illuminate/Pipeline/Pipeline->then(Object(Closure))
#60 A:/XAMPP/htdocs/insure-lk/vendor/laravel/framework/src/Illuminate/Foundation/Http/Kernel.php(145): Illuminate/Foundation/Http/Kernel->sendRequestThroughRouter(Object(Illuminate/Http/Request))
#61 A:/XAMPP/htdocs/insure-lk/vendor/laravel/framework/src/Illuminate/Foundation/Application.php(1220): Illuminate/Foundation/Http/Kernel->handle(Object(Illuminate/Http/Request))
#62 A:/XAMPP/htdocs/insure-lk/public/index.php(9): Illuminate/Foundation/Application->handleRequest(Object(Illuminate/Http/Request))
#63 {main}
"} 
[2026-07-12 01:21:57] local.ERROR: Ошибка расчёта формулы: Unsupported operand types: string * float {"userId":1,"exception":"[object] (RuntimeException(code: 0): Ошибка расчёта формулы: Unsupported operand types: string * float at A:/XAMPP/htdocs/insure-lk/app/Services/FormulaCalculator.php:82)
[stacktrace]
#0 A:/XAMPP/htdocs/insure-lk/app/Services/ProductCalculators/FormulaBasedCalculator.php(54): App/Services/FormulaCalculator->calculate(Object(App/Models/Product), Array)
#1 A:/XAMPP/htdocs/insure-lk/app/Livewire/Policies/PolicyForm.php(27): App/Services/ProductCalculators/FormulaBasedCalculator->calculate(Array)
#2 A:/XAMPP/htdocs/insure-lk/app/Livewire/Policies/PolicyForm.php(22): App/Livewire/Policies/PolicyForm->calculate()
#3 A:/XAMPP/htdocs/insure-lk/vendor/laravel/framework/src/Illuminate/Container/BoundMethod.php(36): App/Livewire/Policies/PolicyForm->updated('data.sum_movabl...', '')
#4 A:/XAMPP/htdocs/insure-lk/vendor/laravel/framework/src/Illuminate/Container/Util.php(43): Illuminate/Container/BoundMethod::Illuminate/Container/{closure}()
#5 A:/XAMPP/htdocs/insure-lk/vendor/laravel/framework/src/Illuminate/Container/BoundMethod.php(95): Illuminate/Container/Util::unwrapIfClosure(Object(Closure))
#6 A:/XAMPP/htdocs/insure-lk/vendor/laravel/framework/src/Illuminate/Container/BoundMethod.php(35): Illuminate/Container/BoundMethod::callBoundMethod(Object(Illuminate/Foundation/Application), Array, Object(Closure))
#7 A:/XAMPP/htdocs/insure-lk/vendor/livewire/livewire/src/Wrapped.php(23): Illuminate/Container/BoundMethod::call(Object(Illuminate/Foundation/Application), Array, Array)
#8 A:/XAMPP/htdocs/insure-lk/vendor/livewire/livewire/src/Features/SupportLifecycleHooks/SupportLifecycleHooks.php(134): Livewire/Wrapped->__call('updated', Array)
#9 A:/XAMPP/htdocs/insure-lk/vendor/livewire/livewire/src/Features/SupportLifecycleHooks/SupportLifecycleHooks.php(75): Livewire/Features/SupportLifecycleHooks/SupportLifecycleHooks->callHook('updated', Array)
#10 A:/XAMPP/htdocs/insure-lk/vendor/livewire/livewire/src/ComponentHook.php(33): Livewire/Features/SupportLifecycleHooks/SupportLifecycleHooks->Livewire/Features/SupportLifecycleHooks/{closure}(NULL)
#11 A:/XAMPP/htdocs/insure-lk/vendor/livewire/livewire/src/ComponentHookRegistry.php(115): Livewire/ComponentHook->Livewire/{closure}(NULL)
#12 A:/XAMPP/htdocs/insure-lk/vendor/livewire/livewire/src/EventBus.php(73): Livewire/ComponentHookRegistry::Livewire/{closure}(NULL)
#13 A:/XAMPP/htdocs/insure-lk/vendor/livewire/livewire/src/Mechanisms/HandleComponents/HandleComponents.php(345): Livewire/EventBus->Livewire/{closure}()
#14 A:/XAMPP/htdocs/insure-lk/vendor/livewire/livewire/src/Mechanisms/HandleComponents/HandleComponents.php(121): Livewire/Mechanisms/HandleComponents/HandleComponents->updateProperties(Object(App/Livewire/Policies/PolicyForm), Array, Array, Object(Livewire/Mechanisms/HandleComponents/ComponentContext))
#15 A:/XAMPP/htdocs/insure-lk/vendor/livewire/livewire/src/LivewireManager.php(102): Livewire/Mechanisms/HandleComponents/HandleComponents->update(Array, Array, Array)
#16 A:/XAMPP/htdocs/insure-lk/vendor/livewire/livewire/src/Mechanisms/HandleRequests/HandleRequests.php(144): Livewire/LivewireManager->update(Array, Array, Array)
#17 A:/XAMPP/htdocs/insure-lk/vendor/laravel/framework/src/Illuminate/Routing/ControllerDispatcher.php(47): Livewire/Mechanisms/HandleRequests/HandleRequests->handleUpdate()
#18 A:/XAMPP/htdocs/insure-lk/vendor/laravel/framework/src/Illuminate/Routing/Route.php(266): Illuminate/Routing/ControllerDispatcher->dispatch(Object(Illuminate/Routing/Route), Object(Livewire/Mechanisms/HandleRequests/HandleRequests), 'handleUpdate')
#19 A:/XAMPP/htdocs/insure-lk/vendor/laravel/framework/src/Illuminate/Routing/Route.php(212): Illuminate/Routing/Route->runController()
#20 A:/XAMPP/htdocs/insure-lk/vendor/laravel/framework/src/Illuminate/Routing/Router.php(808): Illuminate/Routing/Route->run()
#21 A:/XAMPP/htdocs/insure-lk/vendor/laravel/framework/src/Illuminate/Pipeline/Pipeline.php(170): Illuminate/Routing/Router->Illuminate/Routing/{closure}(Object(Illuminate/Http/Request))
#22 A:/XAMPP/htdocs/insure-lk/vendor/laravel/framework/src/Illuminate/Routing/Middleware/SubstituteBindings.php(51): Illuminate/Pipeline/Pipeline->Illuminate/Pipeline/{closure}(Object(Illuminate/Http/Request))
#23 A:/XAMPP/htdocs/insure-lk/vendor/laravel/framework/src/Illuminate/Pipeline/Pipeline.php(209): Illuminate/Routing/Middleware/SubstituteBindings->handle(Object(Illuminate/Http/Request), Object(Closure))
#24 A:/XAMPP/htdocs/insure-lk/vendor/laravel/framework/src/Illuminate/Foundation/Http/Middleware/VerifyCsrfToken.php(88): Illuminate/Pipeline/Pipeline->Illuminate/Pipeline/{closure}(Object(Illuminate/Http/Request))
#25 A:/XAMPP/htdocs/insure-lk/vendor/laravel/framework/src/Illuminate/Pipeline/Pipeline.php(209): Illuminate/Foundation/Http/Middleware/VerifyCsrfToken->handle(Object(Illuminate/Http/Request), Object(Closure))
#26 A:/XAMPP/htdocs/insure-lk/vendor/laravel/framework/src/Illuminate/View/Middleware/ShareErrorsFromSession.php(49): Illuminate/Pipeline/Pipeline->Illuminate/Pipeline/{closure}(Object(Illuminate/Http/Request))
#27 A:/XAMPP/htdocs/insure-lk/vendor/laravel/framework/src/Illuminate/Pipeline/Pipeline.php(209): Illuminate/View/Middleware/ShareErrorsFromSession->handle(Object(Illuminate/Http/Request), Object(Closure))
#28 A:/XAMPP/htdocs/insure-lk/vendor/laravel/framework/src/Illuminate/Session/Middleware/StartSession.php(121): Illuminate/Pipeline/Pipeline->Illuminate/Pipeline/{closure}(Object(Illuminate/Http/Request))
#29 A:/XAMPP/htdocs/insure-lk/vendor/laravel/framework/src/Illuminate/Session/Middleware/StartSession.php(64): Illuminate/Session/Middleware/StartSession->handleStatefulRequest(Object(Illuminate/Http/Request), Object(Illuminate/Session/Store), Object(Closure))
#30 A:/XAMPP/htdocs/insure-lk/vendor/laravel/framework/src/Illuminate/Pipeline/Pipeline.php(209): Illuminate/Session/Middleware/StartSession->handle(Object(Illuminate/Http/Request), Object(Closure))
#31 A:/XAMPP/htdocs/insure-lk/vendor/laravel/framework/src/Illuminate/Cookie/Middleware/AddQueuedCookiesToResponse.php(37): Illuminate/Pipeline/Pipeline->Illuminate/Pipeline/{closure}(Object(Illuminate/Http/Request))
#32 A:/XAMPP/htdocs/insure-lk/vendor/laravel/framework/src/Illuminate/Pipeline/Pipeline.php(209): Illuminate/Cookie/Middleware/AddQueuedCookiesToResponse->handle(Object(Illuminate/Http/Request), Object(Closure))
#33 A:/XAMPP/htdocs/insure-lk/vendor/laravel/framework/src/Illuminate/Cookie/Middleware/EncryptCookies.php(75): Illuminate/Pipeline/Pipeline->Illuminate/Pipeline/{closure}(Object(Illuminate/Http/Request))
#34 A:/XAMPP/htdocs/insure-lk/vendor/laravel/framework/src/Illuminate/Pipeline/Pipeline.php(209): Illuminate/Cookie/Middleware/EncryptCookies->handle(Object(Illuminate/Http/Request), Object(Closure))
#35 A:/XAMPP/htdocs/insure-lk/vendor/laravel/framework/src/Illuminate/Pipeline/Pipeline.php(127): Illuminate/Pipeline/Pipeline->Illuminate/Pipeline/{closure}(Object(Illuminate/Http/Request))
#36 A:/XAMPP/htdocs/insure-lk/vendor/laravel/framework/src/Illuminate/Routing/Router.php(807): Illuminate/Pipeline/Pipeline->then(Object(Closure))
#37 A:/XAMPP/htdocs/insure-lk/vendor/laravel/framework/src/Illuminate/Routing/Router.php(786): Illuminate/Routing/Router->runRouteWithinStack(Object(Illuminate/Routing/Route), Object(Illuminate/Http/Request))
#38 A:/XAMPP/htdocs/insure-lk/vendor/laravel/framework/src/Illuminate/Routing/Router.php(750): Illuminate/Routing/Router->runRoute(Object(Illuminate/Http/Request), Object(Illuminate/Routing/Route))
#39 A:/XAMPP/htdocs/insure-lk/vendor/laravel/framework/src/Illuminate/Routing/Router.php(739): Illuminate/Routing/Router->dispatchToRoute(Object(Illuminate/Http/Request))
#40 A:/XAMPP/htdocs/insure-lk/vendor/laravel/framework/src/Illuminate/Foundation/Http/Kernel.php(201): Illuminate/Routing/Router->dispatch(Object(Illuminate/Http/Request))
#41 A:/XAMPP/htdocs/insure-lk/vendor/laravel/framework/src/Illuminate/Pipeline/Pipeline.php(170): Illuminate/Foundation/Http/Kernel->Illuminate/Foundation/Http/{closure}(Object(Illuminate/Http/Request))
#42 A:/XAMPP/htdocs/insure-lk/vendor/livewire/livewire/src/Features/SupportDisablingBackButtonCache/DisableBackButtonCacheMiddleware.php(19): Illuminate/Pipeline/Pipeline->Illuminate/Pipeline/{closure}(Object(Illuminate/Http/Request))
#43 A:/XAMPP/htdocs/insure-lk/vendor/laravel/framework/src/Illuminate/Pipeline/Pipeline.php(209): Livewire/Features/SupportDisablingBackButtonCache/DisableBackButtonCacheMiddleware->handle(Object(Illuminate/Http/Request), Object(Closure))
#44 A:/XAMPP/htdocs/insure-lk/vendor/laravel/framework/src/Illuminate/Foundation/Http/Middleware/ConvertEmptyStringsToNull.php(27): Illuminate/Pipeline/Pipeline->Illuminate/Pipeline/{closure}(Object(Illuminate/Http/Request))
#45 A:/XAMPP/htdocs/insure-lk/vendor/laravel/framework/src/Illuminate/Pipeline/Pipeline.php(209): Illuminate/Foundation/Http/Middleware/ConvertEmptyStringsToNull->handle(Object(Illuminate/Http/Request), Object(Closure))
#46 A:/XAMPP/htdocs/insure-lk/vendor/laravel/framework/src/Illuminate/Foundation/Http/Middleware/TrimStrings.php(47): Illuminate/Pipeline/Pipeline->Illuminate/Pipeline/{closure}(Object(Illuminate/Http/Request))
#47 A:/XAMPP/htdocs/insure-lk/vendor/laravel/framework/src/Illuminate/Pipeline/Pipeline.php(209): Illuminate/Foundation/Http/Middleware/TrimStrings->handle(Object(Illuminate/Http/Request), Object(Closure))
#48 A:/XAMPP/htdocs/insure-lk/vendor/laravel/framework/src/Illuminate/Http/Middleware/ValidatePostSize.php(27): Illuminate/Pipeline/Pipeline->Illuminate/Pipeline/{closure}(Object(Illuminate/Http/Request))
#49 A:/XAMPP/htdocs/insure-lk/vendor/laravel/framework/src/Illuminate/Pipeline/Pipeline.php(209): Illuminate/Http/Middleware/ValidatePostSize->handle(Object(Illuminate/Http/Request), Object(Closure))
#50 A:/XAMPP/htdocs/insure-lk/vendor/laravel/framework/src/Illuminate/Foundation/Http/Middleware/PreventRequestsDuringMaintenance.php(110): Illuminate/Pipeline/Pipeline->Illuminate/Pipeline/{closure}(Object(Illuminate/Http/Request))
#51 A:/XAMPP/htdocs/insure-lk/vendor/laravel/framework/src/Illuminate/Pipeline/Pipeline.php(209): Illuminate/Foundation/Http/Middleware/PreventRequestsDuringMaintenance->handle(Object(Illuminate/Http/Request), Object(Closure))
#52 A:/XAMPP/htdocs/insure-lk/vendor/laravel/framework/src/Illuminate/Http/Middleware/HandleCors.php(49): Illuminate/Pipeline/Pipeline->Illuminate/Pipeline/{closure}(Object(Illuminate/Http/Request))
#53 A:/XAMPP/htdocs/insure-lk/vendor/laravel/framework/src/Illuminate/Pipeline/Pipeline.php(209): Illuminate/Http/Middleware/HandleCors->handle(Object(Illuminate/Http/Request), Object(Closure))
#54 A:/XAMPP/htdocs/insure-lk/vendor/laravel/framework/src/Illuminate/Http/Middleware/TrustProxies.php(58): Illuminate/Pipeline/Pipeline->Illuminate/Pipeline/{closure}(Object(Illuminate/Http/Request))
#55 A:/XAMPP/htdocs/insure-lk/vendor/laravel/framework/src/Illuminate/Pipeline/Pipeline.php(209): Illuminate/Http/Middleware/TrustProxies->handle(Object(Illuminate/Http/Request), Object(Closure))
#56 A:/XAMPP/htdocs/insure-lk/vendor/laravel/framework/src/Illuminate/Foundation/Http/Middleware/InvokeDeferredCallbacks.php(22): Illuminate/Pipeline/Pipeline->Illuminate/Pipeline/{closure}(Object(Illuminate/Http/Request))
#57 A:/XAMPP/htdocs/insure-lk/vendor/laravel/framework/src/Illuminate/Pipeline/Pipeline.php(209): Illuminate/Foundation/Http/Middleware/InvokeDeferredCallbacks->handle(Object(Illuminate/Http/Request), Object(Closure))
#58 A:/XAMPP/htdocs/insure-lk/vendor/laravel/framework/src/Illuminate/Pipeline/Pipeline.php(127): Illuminate/Pipeline/Pipeline->Illuminate/Pipeline/{closure}(Object(Illuminate/Http/Request))
#59 A:/XAMPP/htdocs/insure-lk/vendor/laravel/framework/src/Illuminate/Foundation/Http/Kernel.php(176): Illuminate/Pipeline/Pipeline->then(Object(Closure))
#60 A:/XAMPP/htdocs/insure-lk/vendor/laravel/framework/src/Illuminate/Foundation/Http/Kernel.php(145): Illuminate/Foundation/Http/Kernel->sendRequestThroughRouter(Object(Illuminate/Http/Request))
#61 A:/XAMPP/htdocs/insure-lk/vendor/laravel/framework/src/Illuminate/Foundation/Application.php(1220): Illuminate/Foundation/Http/Kernel->handle(Object(Illuminate/Http/Request))
#62 A:/XAMPP/htdocs/insure-lk/public/index.php(9): Illuminate/Foundation/Application->handleRequest(Object(Illuminate/Http/Request))
#63 {main}
"} 
[2026-07-12 01:22:01] local.ERROR: Ошибка расчёта формулы: Unsupported operand types: string * float {"userId":1,"exception":"[object] (RuntimeException(code: 0): Ошибка расчёта формулы: Unsupported operand types: string * float at A:/XAMPP/htdocs/insure-lk/app/Services/FormulaCalculator.php:82)
[stacktrace]
#0 A:/XAMPP/htdocs/insure-lk/app/Services/ProductCalculators/FormulaBasedCalculator.php(54): App/Services/FormulaCalculator->calculate(Object(App/Models/Product), Array)
#1 A:/XAMPP/htdocs/insure-lk/app/Livewire/Policies/PolicyForm.php(27): App/Services/ProductCalculators/FormulaBasedCalculator->calculate(Array)
#2 A:/XAMPP/htdocs/insure-lk/app/Livewire/Policies/PolicyForm.php(22): App/Livewire/Policies/PolicyForm->calculate()
#3 A:/XAMPP/htdocs/insure-lk/vendor/laravel/framework/src/Illuminate/Container/BoundMethod.php(36): App/Livewire/Policies/PolicyForm->updated('data.is_rent', false)
#4 A:/XAMPP/htdocs/insure-lk/vendor/laravel/framework/src/Illuminate/Container/Util.php(43): Illuminate/Container/BoundMethod::Illuminate/Container/{closure}()
#5 A:/XAMPP/htdocs/insure-lk/vendor/laravel/framework/src/Illuminate/Container/BoundMethod.php(95): Illuminate/Container/Util::unwrapIfClosure(Object(Closure))
#6 A:/XAMPP/htdocs/insure-lk/vendor/laravel/framework/src/Illuminate/Container/BoundMethod.php(35): Illuminate/Container/BoundMethod::callBoundMethod(Object(Illuminate/Foundation/Application), Array, Object(Closure))
#7 A:/XAMPP/htdocs/insure-lk/vendor/livewire/livewire/src/Wrapped.php(23): Illuminate/Container/BoundMethod::call(Object(Illuminate/Foundation/Application), Array, Array)
#8 A:/XAMPP/htdocs/insure-lk/vendor/livewire/livewire/src/Features/SupportLifecycleHooks/SupportLifecycleHooks.php(134): Livewire/Wrapped->__call('updated', Array)
#9 A:/XAMPP/htdocs/insure-lk/vendor/livewire/livewire/src/Features/SupportLifecycleHooks/SupportLifecycleHooks.php(75): Livewire/Features/SupportLifecycleHooks/SupportLifecycleHooks->callHook('updated', Array)
#10 A:/XAMPP/htdocs/insure-lk/vendor/livewire/livewire/src/ComponentHook.php(33): Livewire/Features/SupportLifecycleHooks/SupportLifecycleHooks->Livewire/Features/SupportLifecycleHooks/{closure}(NULL)
#11 A:/XAMPP/htdocs/insure-lk/vendor/livewire/livewire/src/ComponentHookRegistry.php(115): Livewire/ComponentHook->Livewire/{closure}(NULL)
#12 A:/XAMPP/htdocs/insure-lk/vendor/livewire/livewire/src/EventBus.php(73): Livewire/ComponentHookRegistry::Livewire/{closure}(NULL)
#13 A:/XAMPP/htdocs/insure-lk/vendor/livewire/livewire/src/Mechanisms/HandleComponents/HandleComponents.php(345): Livewire/EventBus->Livewire/{closure}()
#14 A:/XAMPP/htdocs/insure-lk/vendor/livewire/livewire/src/Mechanisms/HandleComponents/HandleComponents.php(121): Livewire/Mechanisms/HandleComponents/HandleComponents->updateProperties(Object(App/Livewire/Policies/PolicyForm), Array, Array, Object(Livewire/Mechanisms/HandleComponents/ComponentContext))
#15 A:/XAMPP/htdocs/insure-lk/vendor/livewire/livewire/src/LivewireManager.php(102): Livewire/Mechanisms/HandleComponents/HandleComponents->update(Array, Array, Array)
#16 A:/XAMPP/htdocs/insure-lk/vendor/livewire/livewire/src/Mechanisms/HandleRequests/HandleRequests.php(144): Livewire/LivewireManager->update(Array, Array, Array)
#17 A:/XAMPP/htdocs/insure-lk/vendor/laravel/framework/src/Illuminate/Routing/ControllerDispatcher.php(47): Livewire/Mechanisms/HandleRequests/HandleRequests->handleUpdate()
#18 A:/XAMPP/htdocs/insure-lk/vendor/laravel/framework/src/Illuminate/Routing/Route.php(266): Illuminate/Routing/ControllerDispatcher->dispatch(Object(Illuminate/Routing/Route), Object(Livewire/Mechanisms/HandleRequests/HandleRequests), 'handleUpdate')
#19 A:/XAMPP/htdocs/insure-lk/vendor/laravel/framework/src/Illuminate/Routing/Route.php(212): Illuminate/Routing/Route->runController()
#20 A:/XAMPP/htdocs/insure-lk/vendor/laravel/framework/src/Illuminate/Routing/Router.php(808): Illuminate/Routing/Route->run()
#21 A:/XAMPP/htdocs/insure-lk/vendor/laravel/framework/src/Illuminate/Pipeline/Pipeline.php(170): Illuminate/Routing/Router->Illuminate/Routing/{closure}(Object(Illuminate/Http/Request))
#22 A:/XAMPP/htdocs/insure-lk/vendor/laravel/framework/src/Illuminate/Routing/Middleware/SubstituteBindings.php(51): Illuminate/Pipeline/Pipeline->Illuminate/Pipeline/{closure}(Object(Illuminate/Http/Request))
#23 A:/XAMPP/htdocs/insure-lk/vendor/laravel/framework/src/Illuminate/Pipeline/Pipeline.php(209): Illuminate/Routing/Middleware/SubstituteBindings->handle(Object(Illuminate/Http/Request), Object(Closure))
#24 A:/XAMPP/htdocs/insure-lk/vendor/laravel/framework/src/Illuminate/Foundation/Http/Middleware/VerifyCsrfToken.php(88): Illuminate/Pipeline/Pipeline->Illuminate/Pipeline/{closure}(Object(Illuminate/Http/Request))
#25 A:/XAMPP/htdocs/insure-lk/vendor/laravel/framework/src/Illuminate/Pipeline/Pipeline.php(209): Illuminate/Foundation/Http/Middleware/VerifyCsrfToken->handle(Object(Illuminate/Http/Request), Object(Closure))
#26 A:/XAMPP/htdocs/insure-lk/vendor/laravel/framework/src/Illuminate/View/Middleware/ShareErrorsFromSession.php(49): Illuminate/Pipeline/Pipeline->Illuminate/Pipeline/{closure}(Object(Illuminate/Http/Request))
#27 A:/XAMPP/htdocs/insure-lk/vendor/laravel/framework/src/Illuminate/Pipeline/Pipeline.php(209): Illuminate/View/Middleware/ShareErrorsFromSession->handle(Object(Illuminate/Http/Request), Object(Closure))
#28 A:/XAMPP/htdocs/insure-lk/vendor/laravel/framework/src/Illuminate/Session/Middleware/StartSession.php(121): Illuminate/Pipeline/Pipeline->Illuminate/Pipeline/{closure}(Object(Illuminate/Http/Request))
#29 A:/XAMPP/htdocs/insure-lk/vendor/laravel/framework/src/Illuminate/Session/Middleware/StartSession.php(64): Illuminate/Session/Middleware/StartSession->handleStatefulRequest(Object(Illuminate/Http/Request), Object(Illuminate/Session/Store), Object(Closure))
#30 A:/XAMPP/htdocs/insure-lk/vendor/laravel/framework/src/Illuminate/Pipeline/Pipeline.php(209): Illuminate/Session/Middleware/StartSession->handle(Object(Illuminate/Http/Request), Object(Closure))
#31 A:/XAMPP/htdocs/insure-lk/vendor/laravel/framework/src/Illuminate/Cookie/Middleware/AddQueuedCookiesToResponse.php(37): Illuminate/Pipeline/Pipeline->Illuminate/Pipeline/{closure}(Object(Illuminate/Http/Request))
#32 A:/XAMPP/htdocs/insure-lk/vendor/laravel/framework/src/Illuminate/Pipeline/Pipeline.php(209): Illuminate/Cookie/Middleware/AddQueuedCookiesToResponse->handle(Object(Illuminate/Http/Request), Object(Closure))
#33 A:/XAMPP/htdocs/insure-lk/vendor/laravel/framework/src/Illuminate/Cookie/Middleware/EncryptCookies.php(75): Illuminate/Pipeline/Pipeline->Illuminate/Pipeline/{closure}(Object(Illuminate/Http/Request))
#34 A:/XAMPP/htdocs/insure-lk/vendor/laravel/framework/src/Illuminate/Pipeline/Pipeline.php(209): Illuminate/Cookie/Middleware/EncryptCookies->handle(Object(Illuminate/Http/Request), Object(Closure))
#35 A:/XAMPP/htdocs/insure-lk/vendor/laravel/framework/src/Illuminate/Pipeline/Pipeline.php(127): Illuminate/Pipeline/Pipeline->Illuminate/Pipeline/{closure}(Object(Illuminate/Http/Request))
#36 A:/XAMPP/htdocs/insure-lk/vendor/laravel/framework/src/Illuminate/Routing/Router.php(807): Illuminate/Pipeline/Pipeline->then(Object(Closure))
#37 A:/XAMPP/htdocs/insure-lk/vendor/laravel/framework/src/Illuminate/Routing/Router.php(786): Illuminate/Routing/Router->runRouteWithinStack(Object(Illuminate/Routing/Route), Object(Illuminate/Http/Request))
#38 A:/XAMPP/htdocs/insure-lk/vendor/laravel/framework/src/Illuminate/Routing/Router.php(750): Illuminate/Routing/Router->runRoute(Object(Illuminate/Http/Request), Object(Illuminate/Routing/Route))
#39 A:/XAMPP/htdocs/insure-lk/vendor/laravel/framework/src/Illuminate/Routing/Router.php(739): Illuminate/Routing/Router->dispatchToRoute(Object(Illuminate/Http/Request))
#40 A:/XAMPP/htdocs/insure-lk/vendor/laravel/framework/src/Illuminate/Foundation/Http/Kernel.php(201): Illuminate/Routing/Router->dispatch(Object(Illuminate/Http/Request))
#41 A:/XAMPP/htdocs/insure-lk/vendor/laravel/framework/src/Illuminate/Pipeline/Pipeline.php(170): Illuminate/Foundation/Http/Kernel->Illuminate/Foundation/Http/{closure}(Object(Illuminate/Http/Request))
#42 A:/XAMPP/htdocs/insure-lk/vendor/livewire/livewire/src/Features/SupportDisablingBackButtonCache/DisableBackButtonCacheMiddleware.php(19): Illuminate/Pipeline/Pipeline->Illuminate/Pipeline/{closure}(Object(Illuminate/Http/Request))
#43 A:/XAMPP/htdocs/insure-lk/vendor/laravel/framework/src/Illuminate/Pipeline/Pipeline.php(209): Livewire/Features/SupportDisablingBackButtonCache/DisableBackButtonCacheMiddleware->handle(Object(Illuminate/Http/Request), Object(Closure))
#44 A:/XAMPP/htdocs/insure-lk/vendor/laravel/framework/src/Illuminate/Foundation/Http/Middleware/ConvertEmptyStringsToNull.php(27): Illuminate/Pipeline/Pipeline->Illuminate/Pipeline/{closure}(Object(Illuminate/Http/Request))
#45 A:/XAMPP/htdocs/insure-lk/vendor/laravel/framework/src/Illuminate/Pipeline/Pipeline.php(209): Illuminate/Foundation/Http/Middleware/ConvertEmptyStringsToNull->handle(Object(Illuminate/Http/Request), Object(Closure))
#46 A:/XAMPP/htdocs/insure-lk/vendor/laravel/framework/src/Illuminate/Foundation/Http/Middleware/TrimStrings.php(47): Illuminate/Pipeline/Pipeline->Illuminate/Pipeline/{closure}(Object(Illuminate/Http/Request))
#47 A:/XAMPP/htdocs/insure-lk/vendor/laravel/framework/src/Illuminate/Pipeline/Pipeline.php(209): Illuminate/Foundation/Http/Middleware/TrimStrings->handle(Object(Illuminate/Http/Request), Object(Closure))
#48 A:/XAMPP/htdocs/insure-lk/vendor/laravel/framework/src/Illuminate/Http/Middleware/ValidatePostSize.php(27): Illuminate/Pipeline/Pipeline->Illuminate/Pipeline/{closure}(Object(Illuminate/Http/Request))
#49 A:/XAMPP/htdocs/insure-lk/vendor/laravel/framework/src/Illuminate/Pipeline/Pipeline.php(209): Illuminate/Http/Middleware/ValidatePostSize->handle(Object(Illuminate/Http/Request), Object(Closure))
#50 A:/XAMPP/htdocs/insure-lk/vendor/laravel/framework/src/Illuminate/Foundation/Http/Middleware/PreventRequestsDuringMaintenance.php(110): Illuminate/Pipeline/Pipeline->Illuminate/Pipeline/{closure}(Object(Illuminate/Http/Request))
#51 A:/XAMPP/htdocs/insure-lk/vendor/laravel/framework/src/Illuminate/Pipeline/Pipeline.php(209): Illuminate/Foundation/Http/Middleware/PreventRequestsDuringMaintenance->handle(Object(Illuminate/Http/Request), Object(Closure))
#52 A:/XAMPP/htdocs/insure-lk/vendor/laravel/framework/src/Illuminate/Http/Middleware/HandleCors.php(49): Illuminate/Pipeline/Pipeline->Illuminate/Pipeline/{closure}(Object(Illuminate/Http/Request))
#53 A:/XAMPP/htdocs/insure-lk/vendor/laravel/framework/src/Illuminate/Pipeline/Pipeline.php(209): Illuminate/Http/Middleware/HandleCors->handle(Object(Illuminate/Http/Request), Object(Closure))
#54 A:/XAMPP/htdocs/insure-lk/vendor/laravel/framework/src/Illuminate/Http/Middleware/TrustProxies.php(58): Illuminate/Pipeline/Pipeline->Illuminate/Pipeline/{closure}(Object(Illuminate/Http/Request))
#55 A:/XAMPP/htdocs/insure-lk/vendor/laravel/framework/src/Illuminate/Pipeline/Pipeline.php(209): Illuminate/Http/Middleware/TrustProxies->handle(Object(Illuminate/Http/Request), Object(Closure))
#56 A:/XAMPP/htdocs/insure-lk/vendor/laravel/framework/src/Illuminate/Foundation/Http/Middleware/InvokeDeferredCallbacks.php(22): Illuminate/Pipeline/Pipeline->Illuminate/Pipeline/{closure}(Object(Illuminate/Http/Request))
#57 A:/XAMPP/htdocs/insure-lk/vendor/laravel/framework/src/Illuminate/Pipeline/Pipeline.php(209): Illuminate/Foundation/Http/Middleware/InvokeDeferredCallbacks->handle(Object(Illuminate/Http/Request), Object(Closure))
#58 A:/XAMPP/htdocs/insure-lk/vendor/laravel/framework/src/Illuminate/Pipeline/Pipeline.php(127): Illuminate/Pipeline/Pipeline->Illuminate/Pipeline/{closure}(Object(Illuminate/Http/Request))
#59 A:/XAMPP/htdocs/insure-lk/vendor/laravel/framework/src/Illuminate/Foundation/Http/Kernel.php(176): Illuminate/Pipeline/Pipeline->then(Object(Closure))
#60 A:/XAMPP/htdocs/insure-lk/vendor/laravel/framework/src/Illuminate/Foundation/Http/Kernel.php(145): Illuminate/Foundation/Http/Kernel->sendRequestThroughRouter(Object(Illuminate/Http/Request))
#61 A:/XAMPP/htdocs/insure-lk/vendor/laravel/framework/src/Illuminate/Foundation/Application.php(1220): Illuminate/Foundation/Http/Kernel->handle(Object(Illuminate/Http/Request))
#62 A:/XAMPP/htdocs/insure-lk/public/index.php(9): Illuminate/Foundation/Application->handleRequest(Object(Illuminate/Http/Request))
#63 {main}
"} 
[2026-07-12 03:19:22] local.WARNING: Mail failed: Expected response code "250/251/252" but got code "535", with message "535 5.7.0 NEOBHODIM parol prilozheniya https://help.mail.ru/mail/security/protection/external / Application password is REQUIRED".  
